CODE,OLD_CODE,NEW_CODE,NAME,TICKETING_NAME,NUM_CODE
FLY,SH,FLY,FLY ME,FLY ME,715
FNA,NY,FNA,AIR ICELAND,AIR ICELAND,882
FPO,5O,FPO,EUROPE AIRPOST,,0
FRE,FP,FRE,FREEDOM AIR,,224
FTA,2F,FTA,FRONTIER FLYING SE,FRONTIER,517
FUA,FH,FUA,FUTURA INTERNATION,FUTURA INTL,0
FWQ,QQ,FWQ,ALLIANCE AIRLINES,ALLIANCE AIR,323
FXA,FX,FXA,FEDEX,EXPRESS AIR,0
GAO,DC,GAO,GOLDEN AIR,GOLDEN AIR,0
GAP,2P,GAP,AIR PHILIPPINES,AIR PHILIPPIN,211
GEO,DA,GEO,AIR GEORGIA,AIR GEORGIA,500
GFA,GF,GFA,GULF AIR,GULF AIR,72
GFG,QB,GFG,GEORGIAN NATIONAL,GEORGIAN AIR,399
GHA,GH,GHA,GHANA AIRWAYS,GHANA AIR,237
GIA,GA,GIA,GARUDA INDONESIA,GARUDA,126
GLA,ZK,GLA,GREAT LAKES AVIATI,GREAT LAKES,846
GLO,G3,GLO,GOL TRANSPORTES AE,GOL,127
GLR,9M,GLR,CENTRAL MOUNTAIN A,CNTRL MTN AIR,634
GMI,ST,GMI,GERMANIA,GERMANIA,0
GNC,LQ,GNC,AIR GUINEA,AIR GUINEA,228
GNR,GC,GNR,GAMBIA INTL AIRLIN,GAMBIA INTL,34
GOE,GO,GOE,GO,,0
GRL,GL,GRL,AIR GREENLAND,AIR GREENLAND,631
GSM,Y2,GSM,FLYGLOBESPAN,,60
GTV,KG,GTV,AEROGAVIOTA,KING ISLAND,854
GUG,GU,GUG,AVIATECA,AVIATECA,240
GWY,U5,GWY,USA 3000,USA 3000,336
HAL,HA,HAL,HAWAIIAN AIRLINES,HAWAIIAN AIR,173
HAS,S9,HAS,SKY AIR WORLD PTY,EAST AFRICAN,0
HCY,ZU,HCY,HELIOS AIRWAYS,HELIOS AIR,32
HDA,KA,HDA,DRAGONAIR,HK DRAGON,43
HEJ,HJ,HEJ,HELLAS JET,HELLENIC STAR,681
HER,UD,HER,HEX AIR,HEX AIR,848
HHN,HR,HHN,HAHN AIR,HAHN AIR,169
HIL,HS,HIL,SVENSKA DIREKTFLYG,DIREKTFLYG,0
HMY,HQ,HMY,HARMONY AIRWAYS,HARMONY AIR,668
HVN,VN,HVN,VIETNAM AIRLINES,VIETNAM AIR,738
HWY,8H,HWY,HIGHLAND AIRWAYS,HELIFRANCE,0
I6,I6,SEQ,SKYEYES AIRWAYS,,428
IAC,IC,IAC,INDIAN AIRLINES,INDIAN AIR,58
IAR,V8,IAR,ILIAMNA AIR,CONTACT AIR,0
IAW,IA,IAW,IRAQI AIRWAYS,IRAQI AIR,73
IBB,NT,IBB,BINTER CANARIAS,BINTER CAN,474
IBE,IB,IBE,IBERIA,IBERIA,75
ICE,FI,ICE,ICELANDAIR,ICELANDAIR,108
IKA,GI,IKA,ITEK AIR,ITEK AIR,420
INL,D6,INL,INTER AIR,INTER AIR,625
IOS,5Y,IOS,EXPRESS RAIL LINK,EXPRESS RAIL,0
IRA,IR,IRA,IRAN AIR,IRAN AIR,96
IRC,EP,IRC,IRAN ASEMAN AIRLIN,,815
IRM,W5,IRM,MAHAN AIRLINES,MAHAN AIR,537
ISR,6H,ISR,ISRAIR AIRLINES,ISRAIR AIRLIN,818
ISS,IG,ISS,MERIDIANA,MERIDIANA,191
ISV,WC,ISV,ISLENA AIRLINES,ISLENA AIR,506
ITX,IK,ITX,IMAIR AIRLINE,IMAIR AIR,166
IYE,IY,IYE,YEMENIA YEMEN AIRW,YEMENIA,635
JAA,EG,JAA,JAPAN ASIA AIRWAYS,JAPAN ASIA,688
JAC,3X,JAC,JAPAN AIR COMMUTER,J.AIR COMMU,0
JAI,9W,JAI,JET AIRWAYS,JET AIRWAYS,589
JAL,JL,JAL,JAPAN AIRLINES,J A L,131
JAT,JU,JAT,JAT AIRWAYS,J A T,115
JAZ,JO,JAZ,JALWAYS,JALWAYS,708
JBA,JB,JBA,HELIJET INTERNATIO,HELIJET,613
JBU,B6,JBU,JETBLUE,,279
JKK,JK,JKK,SPANAIR,SPANAIR,680
JST,JQ,JST,JETSTAR,JETSTAR,41
JTA,NU,JTA,JAPAN TRANSOCEAN A,JAPAN TRANSOC,353
JXX,GX,JXX,JETX LIMITED,,591
JZZ,QK,JZZ,AIR CANADA JAZZ,AIR NOVA,983
KAC,KU,KAC,KUWAIT AIRWAYS,KUWAIT AIR,229
KAJ,5R,KAJ,KARTHAGO AIRLINES,KARTHAGO AIR,915
KAL,KE,KAL,KOREAN AIR,KOREAN AIR,180
KAP,9K,KAP,CAPE AIR,CAPE AIR,306
KBA,4K,KBA,KENN BOREK AIR,KENN BOREK,0
KDC,XC,KDC,K D AIR,K D AIR,0
KGA,R8,KGA,KYRGYZSTAN AIRLINE,KYRGYZSTAN,758
KGL,7K,KGL,KOGALYMAVIA AIRLIN,KOGALYMAVIA,313
KHB,H8,KHB,DALAVIA,DALAVIA,560
KIL,GW,KIL,AIR LINES OF KUBAN,AIR OF KUBAN,113
KJC,7B,KJC,KRAS AIR,KRASNOYARSK,499
KLA,TT,KLA,AIR LITHUANIA,AIR LITHUANIA,843
KLC,WA,KLC,KLM CITYHOPPER,KLM CITYHOPP,0
KLM,KL,KLM,KLM ROYAL DUTCH AI,KLM,74
KMR,RQ,KMR,KAM AIR,AIR ENGIADINA,384
KNI,KD,KNI,KD AVIA,KD AVIA,93
KOR,JS,KOR,AIR KORYO,KOR.AIR DPR,120
3Y,3Y,KAE,KARTIKA AIRLINES,KARTIKA AIR,0
8C,8C,DXH,EAST STAR AIRLINES,,883
ANX,4X,ANX,ATLANTIC EXPRESS A,,0
GX,GX,JXX,JETX LIMITED,,591
KR,KR,,COMORES AVIATION,,0
OD,OD,SAL,ASIA ALPHA AIRWAYS,,0
SH,SH,FLY,FLY ME,FLY ME,715
VD,VD,BBB,SWEDJET AIRWAYS,,0
2A,2A,DBB,DEUTSCHE BAHN AG,DEUTSCHE BAHN,0
2B,2B,,ATA AEROCONDOR TRA,ATA AEROCONDO,88
2C,2C,,SNCF,,0
2D,2D,AOG,AERO VIP,AEROVIP,561
2E,2E,EIX,SMOKEY BAY AIR,EI AIR EXPORT,0
2F,2F,FTA,FRONTIER FLYING SE,FRONTIER,517
2G,2G,,NORTHWEST SEAPLANE,,0
2H,2H,,THALYS INTERNATION,,0
2J,2J,VBW,AIR BURKINA,AIR BURKINA,226
2K,2K,GLG,AEROLINEAS GALAPAG,AEROGAL,547
2M,2M,MDV,MOLDAVIAN AIRLINES,MOLDAVIAN AIR,860
2N,2N,NTJ,NEXTJET,NEXTJET,0
2P,2P,GAP,AIR PHILIPPINES,AIR PHILIPPIN,211
2Q,2Q,ETS,STOCKHOLMSPLANET,STOCKHOLMSPLT,0
2R,2R,VRR,VIA RAIL CANADA IN,VIA RAIL,830
2S,2S,,STAR EQUATORIAL AI,ISLAND EXP,315
2T,2T,ANH,ALAJNIHAH AIR TRAN,,311
2V,2V,,AMTRAK,AMTRAK,554
2W,2W,WLC,WELCOME AIR,WELCOME AIR,227
2Y,2Y,,AIR ANDAMAN,AIR ANDAMAN,0
2Z,2Z,,JSC VORONEZH AIRCR,,423
3A,3A,ALZ,KENOSHA AERO INC,MAFIRA AIR,0
3B,3B,JBR,JOB AIR,JOB AIR,0
3C,3C,,REGIONSAIR,CORPORATE EXP,310
3D,3D,DNM,DENIM AIR,DENIM AIR,490
3E,3E,,EAST ASIA AIRLINES,AIR BRETAGNE,0
3F,3F,,PACIFIC AIRWAYS,,0
3G,3G,AYZ,ATLANT-SOYUZ AIRLI,,411
3J,3J,WZP,ZIP AIR,ZIP AIR,0
3K,3K,JSA,JETSTAR ASIA,JETSTAR ASIA,375
3L,3L,,INTERSKY LUFTFAHRT, INTERSKY,576
3M,3M,,GULFSTREAM INTERNA,GULFSTREAM,449
3N,3N,URG,AIR URGA,AIRVANTAGE,746
3Q,3Q,CYH,CHINA YUNNAN AIRLI,YUNNAN AIR,592
3R,3R,GAI,GROMOV AIRLINE,GROMOVAIRLINE,520
3S,3S,,AIR ANTILLES EXPRE,AIR ANTILLES,875
3T,3T,URN,TURAN AIR,TURAN AIR,359
3U,3U,,SICHUAN AIRLINES,,876
3V,3V,TAY,TNT AIRWAYS,VIKING AIR,756
3W,3W,,EUROMANX,EUROMANX,482
3X,3X,JAC,JAPAN AIR COMMUTER,J.AIR COMMU,0
3Z,3Z,,EVERTS AIR,,29
4A,4A,,AIR KIRIBATI,,0
4B,4B,PAG,PERIMETER AVIATION,OLSON AIR,234
4C,4C,ARE,AIRES,AIRES,35
4D,4D,ASD,AIR SINAI,AIR SINAI,903
4E,4E,TNR,TANANA AIR SERVICE,TANANA AIR,0
4F,4F,ECE,AIR CITY,AIR-CITY,0
4G,4G,GZP,GAZPROMAVIA,,579
4H,4H,,UNITED AIRWAYS BAN,TRANS PACIFIC,0
4J,4J,,NATIONWIDE AIRLINE,,0
4K,4K,KBA,KENN BOREK AIR,KENN BOREK,0
4M,4M,,LANARGENTINA,LANARGENTINA,469
4N,4N,,AIR NORTH,AIR NORTH,287
4O,4O,AIJ,ABC AEROLINEAS,,0
4Q,4Q,,SAFI AIRWAYS,AEROLYON,0
4R,4R,HHI,HAMBURG INTERNATIO,HAMBURG INTER,0
MP,MP,MPH,MARTINAIR,MARTINAIR,129
MQ,MQ,SYM,AMERICAN EAGLE,SIMMONS AIR,0
MR,MR,MRT,AIR MAURITANIE,AIR MAURITANI,174
MS,MS,MSR,EGYPTAIR,EGYPTAIR,77
MT,MT,,THOMAS COOK AIRLIN,,0
MU,MU,CES,CHINA EASTERN AIRL,CHINA EAST,781
MV,MV,RML,ARMENIAN INTL AIRW,ARMENIAN INTL,904
3I,3I,,AEROLINEAS DEL SUR,AEROLINEAS,393
7T,7T,,AERO EXPRESS DEL E,,0
MW,MW,MYD,MAYA ISLAND AIR,MAYA AIRWAY,0
MX,MX,MXA,MEXICANA,MEXICANA,132
MY,MY,,MAXJET AIRWAYS,MAXJET AIRWAY,386
MZ,MZ,MNA,MERPATI,MERPATI,621
N3,N3,OMS,OMSKAVIA,OMSKAVIA,753
N5,N5,KRS,SKAGWAY AIR SERVIC,,0
N6,N6,,AIR ONE NINE,AEROCONTINENT,819
N7,N7,,LAGUN AIR,LAGUN AIR,504
N8,N8,,CR AIRWAYS LIMITED,,0
N9,N9,NCN,NORDIC SOLUTIONS,NORTHCOAST AV,0
NA,NA,NAO,NORTH AMERICAN AIR,NORTH AMERICA,455
NB,NB,,STERLING,,373
NC,NC,NJS,NATIONAL JET SYSTE,NATIONAL JET,0
ND,ND,,AIRLINK,INTAIR INC.,159
NE,NE,ESK,SKYEUROPE AIRLINES,SKYEUROPE,0
NF,NF,AVN,AIR VANUATU,AIR VANUATU,218
NG,NG,LDA,LAUDA AIR,LAUDA AIR,231
NH,NH,ANA,ALL NIPPON AIRWAYS,ALL NIPPON,205
NI,NI,PGA,PORTUGALIA,PORTUGALIA,685
NJS,NC,NJS,NATIONAL JET SYSTE,NATIONAL JET,0
NK,NK,,SPIRIT AIRLINES,SPIRIT AIRLIN,487
NL,NL,SAI,SHAHEEN AIR INTL,SHAHEEN AIR,740
NM,NM,NZM,AIR MADRID,AIR MADRID,476
NO,NO,,NEOS SPA,,703
NP,NP,,SKYTRANS,PICCOLO,0
NQ,NQ,AJX,AIR JAPAN COMPANY,,0
NR,NR,,PAMIR AIR,NORONTAIR,0
NS,NS,SRJ,CAUCASUS AIRLINES,CAUCASUS AIR,0
NT,NT,IBB,BINTER CANARIAS,BINTER CAN,474
NU,NU,JTA,JAPAN TRANSOCEAN A,JAPAN TRANSOC,353
NV,NV,,AIR CENTRAL,,0
NW,NW,NWA,NORTHWEST AIRLINES,NWEST AIRLI,12
NX,NX,AMU,AIR MACAU,AIR MACAU,675
NY,NY,FNA,AIR ICELAND,AIR ICELAND,882
NZ,NZ,ANZ,AIR NEW ZEALAND,NEW ZEALAND,86
OA,OA,OAL,OLYMPIC AIRLINES,OLYMPIC,50
OB,OB,ASZ,ASTRAKHAN AIRLINES,ASTRAKHAN AIR,562
OC,OC,OAV,OMNI AVIACAO,OMNI AVIACAO,0
OH,OH,COM,COMAIR INC.,COMAIR,886
OI,OI,,ASPIRING AIR SERVI,PARASIDE AIR,0
OJ,OJ,OLA,OVERLAND AIRWAYS,OVERLAND AIR,0
OK,OK,CSA,CZECH AIRLINES CSA,CZECH AIRLINE,64
OL,OL,OLT,OLT OSTFRIESISCHE,OLT,704
OM,OM,MGL,MIAT MONGOLIAN AIR,MIAT,289
ON,ON,RON,AIR NAURU,AIR NAURU,123
OO,OO,SKW,SKYWEST AIRLINES,SKY WEST,302
OP,OP,CHK,CHALK OCEAN AIRWAY,PAN AM AIR,370
OQ,OQ,,CHONGQING AIRLINES,,878
ORB,R2,ORB,ORENAIR,ORENAIR,291
OS,OS,AUA,AUSTRIAN,AUSTRIANAIR,257
OT,OT,PEL,AEROPELICAN AIR SE,AEROPELICAN,0
OU,OU,CTN,CROATIA AIRLINES,CROATIA,831
OV,OV,ELL,ESTONIAN AIR,ESTONIAN AIR,960
OW,OW,EXK,EXECUTIVE AIRLINES,,0
OX,OX,,ORIENT THAI AIRLIN,,578
OY,OY,,ANDES LINEAS AEREA,ANDES,650
OZ,OZ,AAR,ASIANA AIRLINES,ASIANA,988
P4,P4,,AEROLINEAS SOSA,SOSA,0
P5,P5,RPB,AEROREPUBLICA,AEROREPUBLICA,845
P7,P7,ESL,RUSSIAN SKY AIRLIN,EAST LINE AIR,215
P8,P8,PTN,PANTANAL LINHAS AE,PANTANAL LINH,0
P9,P9,,PERM AIRLINES,PERM AIRLINES,188
PA,PA,FCL,FLORIDA COASTAL AI,FLORIDA COAST,0
PB,PB,,PROVINCIAL AIRLINE,AIR BURUNDI,967
PC,PC,FAJ,AIR FIJI,FIJI AIR,677
PF,PF,PNW,PALESTINIAN AIRLIN,PALESTIN AIR,400
PG,PG,BKP,BANGKOK AIRWAYS,BANGKOK AIR,829
PH,PH,PAO,POLYNESIAN AIRLINE,POLYNESIAN,162
PI,PI,SUF,SUNAIR,SUNFLOWER,252
RSI,YI,RSI,AIR SUNSHINE,AIRSUNSHINE,806
RSL,SL,RSL,RIO SUL,RIO SUL,293
PJ,PJ,,AIR SAINT PIERRE,AIR ST PIERRE,638
RSN,ZC,RSN,ROYAL SWAZI AIRWAY,R.SWAZI,141
PK,PK,PIA,PAKISTAN INTERNATI,P I A,214
PL,PL,,SOUTHERN AIR CHART,,0
PM,PM,,TROPIC AIR,TROPIC AIR,0
PN,PN,,CHINA WEST AIR,PAN AM,847
PP,PP,PJS,JET AVIATION BUSIN,JET AVIATION,0
PQ,PQ,,AEROSUR PARAGUAY,PANAFRICAN,0
PR,PR,PAL,PHILIPPINE AIRLINE,PHILIPPINE,79
PS,PS,,UKRAINE INTL AIRLI,UKRAINE INTL,566
PT,PT,,WEST AIR SWEDEN,WEST AIR SWED,0
PU,PU,PUA,PLUNA,P L U N A,286
PV,PV,SBU,SAINT BARTH COMMUT,PAUKNAIR,0
PW,PW,,PRECISION AIR,PRECISION AIR,31
PX,PX,ANG,AIR NIUGINI,AIR NIUGINI,656
PY,PY,SLM,SURINAM AIRWAYS,SURINAM AIR,192
PZ,PZ,LAP,TAM MERCOSUR,LAPSA,692
Q2,Q2,,ISLAND AVIATION SE,,986
Q3,Q3,MAZ,ZAMBIAN AIRWAYS,ZAMBIAN AIR,391
Q4,Q4,,SWAZI EXPRESS AIRW,SWAZI EXPRESS,213
Q5,Q5,MLA,FORTY MILE AIR,FORTY MILES A,519
Q6,Q6,,AERO CONDOR,MINERALNYE VO,381
Q8,Q8,TSG,TRANS AIR CONGO,TRANS AIR,223
Q9,Q9,,QUIKAIR AIRLINE SE,AFRINAT INTL,0
GV,GV,,AERO FLIGHT,AERO FLIGHT,461
3H,3H,AIE,AIR INUIT,,466
GK,GK,,GO ONE AIRWAYS,,274
OF,OF,,AIR FINLAND,,442
RM,RM,,RUTACA,,839
QA,QA,CBE,CLICK GRUPO MEXICA,AEROCARIBE,723
QB,QB,GFG,GEORGIAN NATIONAL,GEORGIAN AIR,399
QE,QE,QFZ,FARS QESHM AIRLINE,CROSSAIR EUR,0
QF,QF,QFA,QANTAS AIRWAYS,QANTAS,81
QG,QG,FLR,DELTA AIR TRANSPOR,PRIMA AIR,574
QH,QH,LYN,KYRGYZSTAN AIR COM,KYRGYZSTAN,138
QI,QI,CIM,CIMBER AIR,CIMBER AIR,647
QJ,QJ,LTP,LATPASS AIRLINES,,937
QK,QK,JZZ,AIR CANADA JAZZ,AIR NOVA,983
QL,QL,LER,LINEA AEREA DE SER,,0
QM,QM,AML,AIR MALAWI,AIR MALAWI,167
QN,QN,,AIR ARMENIA,,907
QO,QO,OGN,ORIGIN PACIFIC AIR,ORIGIN PACIFI,0
QP,QP,,AIRKENYA AVIATION,AIRKENYA AVN,853
QQ,QQ,FWQ,ALLIANCE AIRLINES,ALLIANCE AIR,323
QR,QR,QTR,QATAR AIRWAYS,QATAR AIRWAYS,157
QS,QS,TVS,SMART WINGS,TRAVELSERVICE,797
QT,QT,,REGIONAL PACIFIC,REGIONAL,361
QU,QU,UGX,EAST AFRICAN AIRLI,EAST AFRICAN,581
QV,QV,LAO,LAO AIRLINES,LAO AIRLINES,627
QX,QX,QXE,HORIZON AIR,HORIZON AIR,481
QY,QY,,EUROPEAN AIR TRANS,EUROAIRTRAN,0
QZ,QZ,AWQ,PT INDONESIA AIRAS,PTINDAIRASIA,975
R2,R2,ORB,ORENAIR,ORENAIR,291
R4,R4,,STC RUSSIA,STC RUSSIA,948
R5,R5,JAV,JORDAN AVIATION,MALTA AIR,151
R6,R6,DNU,DANU ORO TRANSPORT,DANU ORO,0
R7,R7,OCA,ASERCA,ASERCA,717
R8,R8,KGA,KYRGYZSTAN AIRLINE,KYRGYZSTAN,758
R9,R9,TSD,TAF LINHAS AEREAS,AIR CHARTER,418
RA,RA,RNA,ROYAL NEPAL AIRLIN,NEPAL AIR,285
RB,RB,SYR,SYRIAN ARAB AIRLIN,SYRIAN AIR,70
RC,RC,FLI,ATLANTIC AIRWAYS,ATL.AIRWAYS,767
RD,RD,RYN,RYAN INTERNATIONAL,RYAN,0
RE,RE,REA,AER ARANN,AER ARANN,809
RF,RF,,ORD AIR CHARTER PT,ORD AIR CHART,0
RG,RG,VRG,VRG LINHAS AEREAS,VARIG SA,42
RH,RH,,ROBIN HOOD AVIATIO,,0
RI,RI,MDL,MANDALA AIRLINES,PT MANDALA,0
RJ,RJ,RJA,ROYAL JORDANIAN,RYLJORDANIA,512
RL,RL,,ROYAL PHNOM PENH A,SV MEXICANAS,0
RN,RN,,SUM AIR SERVICES,EURALAIR,0
RO,RO,ROT,TAROM,TAROM,281
RP,RP,CHQ,CHAUTAUQUA AIRLINE,,363
RQ,RQ,KMR,KAM AIR,AIR ENGIADINA,384
RR,RR,RFR,ROYAL AIR FORCE,R.A.F NO1,0
RT,RT,,RAK AIRWAYS,RAK AIRWAYS,785
RU,RU,SKI,TCI SKYKING LTD,TCI SKYKING,25
SRU,2I,SRU,STAR PERU,,156
RW,RW,,REPUBLIC AIRLINES,RAS FLUGGE,52
RY,RY,,EUROPEAN EXEC EXPR,EUROPEAN EXEC,0
RZ,RZ,LRS,SANSA,PAN AM EXP,0
S2,S2,,JET LITE,JET LITE,705
S3,S3,,SANTA BARBARA AIRL,SANTA BARBARA,249
S4,S4,RZO,SATA INTERNATIONAL,SATA INTL,331
S5,S5,,SHUTTLE AMERICA,SHUTL AMERICA,919
S6,S6,,SALMON AIR,,0
S7,S7,SBI,SIBERIA AIRLINES,SIBERIA AIR,421
S9,S9,HAS,SKY AIR WORLD PTY,EAST AFRICAN,0
SA,SA,SAA,SOUTH AFRICAN AIRW,S A A,83
SB,SB,ACI,AIRCALIN,CAL.INT,63
SC,SC,CDG,SHANDONG AIRLINES,SHANDONG AIRL,324
SD,SD,SUD,SUDAN AIRWAYS,SUDAN AIR,200
SE,SE,XLF,XL AIRWAYS FRANCE,STAR AIRLINES,473
SF,SF,,TASSILI AIRLINES,,515
SG,SG,MOD,SPICEJET,SEMPATI AIR,0
SI,SI,SIH,SKYNET AIRLINES,SKYNET AIR,597
SK,SK,SAS,SCANDINAVIAN AIRLI,SAS,117
SL,SL,RSL,RIO SUL,RIO SUL,293
SM,SM,SWE,SWEDLINE,,496
SN,SN,DAT,BRUSSELS AIRLINES,BRUSSELS AIR,82
SP,SP,SAT,SATA AIR ACORES,SATA,737
SQ,SQ,SIA,SINGAPORE AIRLINES,SINGAPORE,618
SRH,FT,SRH,SIEM REAP AIRWAYS,SIEM REAP AIR,84
SRJ,NS,SRJ,CAUCASUS AIRLINES,CAUCASUS AIR,0
SS,SS,CRL,CORSAIR,CORSE AIR,923
ST,ST,GMI,GERMANIA,GERMANIA,0
SU,SU,AFL,AEROFLOT,AEROFLOT,555
SV,SV,SVA,SAUDI ARABIAN AIRL,SAUDIARABI,65
SW,SW,NMB,AIR NAMIBIA,AIR NAMIBIA,186
SY,SY,SCX,SUN COUNTRY,SUN COUNTRY,337
SZ,SZ,,AIR NEPAL INTERNAT,AIR NEPAL,855
T2,T2,,NAKINA AIR SERVICE,TABA AEREOS,0
T3,T3,,EASTERN AIRWAYS,EASTERN AIR,467
T5,T5,TUA,TURKMENISTAN AIRLI,TURKMENISTAN,542
T6,T6,TVR,TAVREY AIRCOMPANY,TAVREY AIRCO,204
T7,T7,,TWIN JET,TWIN JET,294
T9,T9,,THAI STAR AIRLINES,VARMLANDSFLYG,0
TA,TA,TAI,TACA INTL AIRLINES,TACA,202
V6,V6,VUE,VUELOS INTERNOS PR,,522
TB,TB,JAF,JETAIRFLY,TRUMP,0
TC,TC,ATC,AIR TANZANIA,AIRTANZANIA,197
TD,TD,,ATLANTIS EUROPEAN,ATLANTIS,432
TE,TE,LIL,FLYLAL,FLYLAL,874
TF,TF,SCW,MALMO AVIATION,MALMO,276
TG,TG,THA,THAI AIRWAYS INTL,THAI,217
TH,TH,,BA CONNECT,EUROAIR,0
TI,TI,BIA,ANGKOR AIRLINES,BALTIC INT.,0
TJ,TJ,,TANS,TANS,735
TK,TK,THY,TURKISH AIRLINES,TURKISH,235
TL,TL,ANO,AIRNORTH REGIONAL,AIRNORTH RGL,935
TM,TM,LAM,LAM MOZAMBIQUE,LAM,68
UE,UE,,NASAIR,UAIR,770
TN,TN,THT,AIR TAHITI NUI,AIR TAHITI,244
TO,TO,,TRANSAVIA FRANCE,PRESIDENT AIR,0
TP,TP,TAP,TAP PORTUGAL,TAP PORTUGAL,47
TQ,TQ,TDM,TANDEM AERO,,38
TR,TR,TGW,TIGER AIRWAYS,,0
TS,TS,TSC,AIR TRANSAT,AIR TRANSAT,649
TT,TT,KLA,AIR LITHUANIA,AIR LITHUANIA,843
TU,TU,TAR,TUNISAIR,TUNIS AIR,199
TV,TV,VEX,BRUSSELS AIRLINES,VIRGIN EXPRES,0
TX,TX,,AIR CARAIBES,AIR CARAIBES,427
TY,TY,TPC,AIR CALEDONIE,AIRCALEDONI,190
TZ,TZ,AMT,ATA AIRLINES, INC,ATA-AMTRNSAIR,366
U2,U2,EZY,EASYJET,EASYJET,0
VF,VF,VLU,VALUAIR,VALUAIR,896
U4,U4,,PMT AIR,PMT AIR,253
U5,U5,GWY,USA 3000,USA 3000,336
U6,U6,SVR,URAL AIRLINES,URAL AIRLINES,262
U7,U7,,AIR UGANDA,NORCANAIR,926
U8,U8,,ARMAVIA,ARMAVIA,669
U9,U9,,TATARSTAN AIR,TATARSTAN AIR,966
UA,UA,UAL,UNITED AIRLINES,UNITED,16
UB,UB,UBA,UNITED MYANMAR AIR,UTD MYANMAR,209
UC,UC,LCO,LAN CHILE CARGO,LADECO,0
UD,UD,HER,HEX AIR,HEX AIR,848
UF,UF,UKM,UM AIR,UM AIR,828
UG,UG,TUI,SEVENAIR,TUNINTER,150
YJ,YJ,,AMIYI AIRLINES,,687
UJ,UJ,,SUN FREIGHT,,0
UKM,UF,UKM,UM AIR,UM AIR,828
UKR,6U,UKR,AIR UKRAINE,AIR UKRAINE,891
UKW,5V,UKW,LVIV AIRLINES,LVIV AIRLINES,62
UL,UL,ALK,SRILANKAN AIRLINES,SRILANKAN AIR,603
UM,UM,AZW,AIR ZIMBABWE,AIRZIMBABWE,168
UN,UN,TSO,TRANSAERO AIRLINES,TRANSAERO,670
UO,UO,HKE,HONG KONG EXPRESS,HK EXPRESS,128
UP,UP,BHS,BAHAMASAIR,BAHAMASAIR,111
UQ,UQ,OCM,O CONNOR AIRLINES,O'CONNOR,0
URG,3N,URG,AIR URGA,AIRVANTAGE,746
URN,3T,URN,TURAN AIR,TURAN AIR,359
US,US,USA,US AIRWAYS,US AIRWAYS,37
UU,UU,REU,AIR AUSTRAL,AIR AUSTRAL,760
UV,UV,,HELICOPTEROS DEL S,HELISURESTE,662
UW,UW,UVG,UNIVERSAL AIRLINES,UNIVERSAL AIR,751
UX,UX,AEA,AIR EUROPA,AIR EUROPA,996
UY,UY,UYC,CAMEROON AIRLINES,CAMEROONAIR,604
V2,V2,AKT,KARAT JSC,KARAT JSC,501
V3,V3,KRP,CARPATAIR,VEG AIR SRL,21
V4,V4,,VALAIR,,0
V5,V5,VLI,AVOLAR AEROLINEAS,ROYAL ARUBAN,0
V7,V7,SNG,AIR SENEGAL INTL,AIR SENEGAL,407
V8,V8,IAR,ILIAMNA AIR,CONTACT AIR,0
V9,V9,BTC,BASHKIRIAN AIRLINE,BASHKIR AIR,940
VA,VA,VLE,VOLARE AIRLINES,VOLARE,263
VBW,2J,VBW,AIR BURKINA,AIR BURKINA,226
VC,VC,VAL,VOYAGEUR AIRWAYS,SERVIVENSA,0
VG,VG,VLM,VLM AIRLINES,VLM NEDERLAND,978
VH,VH,,AEROPOSTAL,AEROPOSTAL,152
VJ,VJ,,JATAYU AIRLINES,,0
VL,VL,,SONICBLUE AIRWAYS,VANCOUVER AIR,0
VM,VM,,VIAGGIO AIR,VIAGGIO AIR,424
VN,VN,HVN,VIETNAM AIRLINES,VIETNAM AIR,738
VO,VO,TYR,TYROLEAN AIRWAYS,TYROLEANAIR,734
VP,VP,VSP,VASP,V A S P,343
VQ,VQ,,VINTAGE PROPS AND,,548
VR,VR,TCV,TACV CABO VERDE AI,T A C V,696
KH,KH,,KYRGYZ AIRWAYS,KYRGYZ AIR,365
VX,VX,VUS,VIRGIN AMERICA,VIRGIN USA,984
X7,X7,,AIR SERVICE,AIR SERVICE,594
VS,VS,VIR,VIRGIN ATLANTIC,VIRGIN ATL,932
VT,VT,VTA,AIR TAHITI,AIR TAHITI,135
VU,VU,,AIR IVOIRE,AIR IVOIRE,943
VV,VV,AEW,AEROSVIT AIRLINES,AEROSWEET,870
VW,VW,TAO,AEROMAR,AEROMAR,942
VZ,VZ,MYT,MYTRAVELLITE,,727
W2,W2,EPA,EFATA PAPUA AIRLIN,EFATA PAPUA,0
W4,W4,,MN AVIATION,,0
W5,W5,IRM,MAHAN AIRLINES,MAHAN AIR,537
W7,W7,SAH,SAYAKHAT AIRLINES,SAYAKHAT AIR,271
W8,W8,WND,CARRIBEAN WINDS AI,LA COSTENA,0
W9,W9,,AIR BAGAN,AIR BAGAN,17
WA,WA,KLC,KLM CITYHOPPER,KLM CITYHOPP,0
WB,WB,RWD,RWANDAIR EXPRESS,RWANDAIR,459
WC,WC,ISV,ISLENA AIRLINES,ISLENA AIR,506
WD,WD,DSR,DAIRO AIR SERVICES,DAS AIR,761
WE,WE,,RHEINTALFLUG,RHEINTALFLG,0
WF,WF,WIF,WIDEROE,WIDEROE,701
WG,WG,WSG,SUNWING AIRLINES,WASAYA AIRWAY,0
WH,WH,CNW,CHINA NORTHWEST AI,CHINA NW,783
WI,WI,,TRADEWINDS AIR,,0
WJ,WJ,LAL,AIR LABRADOR,LABRADORAIR,927
WK,WK,EDW,EDELWEISS AIR,EDELWEISS AIR,0
WL,WL,,AEROPERLAS,AEROPERLAS,54
WM,WM,WIA,WINDWARD ISLAND AI,WINDWARD ISL,295
WN,WN,SWA,SOUTHWEST AIRLINES,SW AIRLINES,526
WO,WO,,WORLD AIRWAYS,,468
WP,WP,,ISLAND AIR,ISLAND AIR,347
WQ,WQ,RMV,ROMAVIA,ROMAVIA,534
WS,WS,WJA,WESTJET,WESTJET,838
WT,WT,NGA,WASAYA AIRWAYS,NIGERIA AIR,0
WU,WU,TKC,TIKAL JETS AIRLINE,TIKAL JETS,795
WV,WV,,SWE FLY,SWE FLY,612
WW,WW,BMI,BMIBABY,,0
WX,WX,BCY,CITYJET,CITYJET,689
WY,WY,OAS,OMAN AIR,OMAN AIR,910
WZ,WZ,,CJSC AIRLINE 400,,309
X2,X2,,CHINA XINHUA AIRLI,CHINA XINHUA,0
X3,X3,BKL,TUIFLY,HL EXPRESS,0
X4,X4,,VANAIR LTD,VANAIR,584
X6,X6,ATA,AIRLINES REPORTING,ARC,889
X8,X8,DAP,ICARDO,AEROVIAS DAP,545
X9,X9,ISL,CITY STAR AIRLINES,CITY STAR AIR,445
XB,XB,,IATA,,0
XC,XC,KDC,K D AIR,K D AIR,0
XD,XD,,ARC,,0
XE,XE,,EXPRESSJET AIRLINE,EXPRESSJET,477
XF,XF,VLK,VLADIVOSTOK AIR,VLADIVOSTOK,277
XG,XG,,CLICKAIR,,0
XJ,XJ,MES,MESABA AIRLINES,MESABA AIR,582
XK,XK,,CCM AIRLINES,CCM AIRLINES,146
XL,XL,LNE,LANECUADOR AEROLAN,LAN ECUADOR,462
XM,XM,SMX,ALITALIA EXPRESS,ALITALIA EXP,0
XO,XO,CXJ,XINJIANG AIRLINES,XINJIANG,651
XP,XP,CXP,XTRA AIRWAYS,XTRA AIRWAYS,615
XQ,XQ,SXS,SUN EXPRESS,SUN EXPRESS,564
XR,XR,,SKYWEST AIRLINES,SKYWEST,608
XT,XT,SKT,SKYSTAR AIRWAYS,AIR EXEL NL,893
XU,XU,,AFRICAN EXPRESS AI,LINK AIRWAYS,0
XY,XY,KNE,AL-KHAYALA,AL-KHAYALA,593
XZ,XZ,,SOUTH AFRICAN EXPR,EASTAIR,0
Y2,Y2,GSM,FLYGLOBESPAN,,60
Y3,Y3,,WORLDWIDE CARGO SE,,0
Y4,Y4,VOI,VOLARIS,EAGLE AVIATN,0
Y5,Y5,,PACE AIRLINES,,0
Y6,Y6,,CAMBODIA AIRLINES,,0
Y7,Y7,,SILVERJET,SILVERJET,362
Y8,Y8,,YANGTZE RIVER EXPR,YANGTZE RIVER,0
Y9,Y9,IRK,KISH AIRLINES,TRANS AIR,780
YA,YA,,NEGO AIRLINE ONE,,0
YD,YD,MTW,MAURITANIA AIRWAYS,MAURITANIA,425
YG,YG,OTL,SOUTH AIRLINES,SOUTH AIRLINE,233
YH,YH,WCW,WEST CARIBBEAN AIR,WEST CARIBBEA,600
YI,YI,RSI,AIR SUNSHINE,AIRSUNSHINE,806
YK,YK,KYV,CYPRUS TURKISH AIR,KIBRIS,56
YM,YM,MGX,MONTENEGRO AIRLINE,MONTENEGRO AL,409
YN,YN,CRQ,AIR CREEBEC,AIR CREEBEC,219
YO,YO,MCM,HELI AIR MONACO,HELIAIRMONA,747
YR,YR,EGJ,SCENIC AIRLINES,SCENIC AIR,398
YS,YS,,REGIONAL,REGIONAL CAE,977
YT,YT,,AIR TOGO,AIR TOGO,30
YU,YU,,AEROLINEAS DOMINIC,DOMINIAIR,725
YV,YV,ASH,MESA AIRLINES,MESAAIRLINE,533
YW,YW,ANS,AIR NOSTRUM,AIR NOSTRUM,694
YX,YX,MEP,MIDWEST AIRLINES,MIDWEST,453
Z2,Z2,BAQ,BRAVO AIR CONGO BZ,STYRIANSPIRIT,0
Z3,Z3,,PROMECH,,0
Z4,Z4,OOM,ZOOM AIRLINES,,0
Z5,Z5,,GMG AIRLINES,GMG AIRLINES,9
Z6,Z6,UDN,DNIEPROAVIA,DNIEPROAVIA,181
Z7,Z7,,EASEON AIR,,0
Z8,Z8,,AMASZONAS,,464
Z9,Z9,DCP,DELTA CONNECTION,AERO ZAMBIA,0
ZA,ZA,,INTERAVIA AIRLINES,INTERAVIA,433
ZB,ZB,MON,MONARCH AIRLINES,MONARCH,974
ZC,ZC,RSN,ROYAL SWAZI AIRWAY,R.SWAZI,141
ZD,ZD,,DOLPHIN AIR,FLYING DANDY,338
ZE,ZE,AZE,LINEAS AEREAS AZTE,LINEAS AEREAS,994
ZF,ZF,,ATLANTIC AIRLINES,AIRBORNE,0
ZG,ZG,,VIVA MACAU LTD,AIR EXPRESS,887
ZH,ZH,CSZ,SHENZHEN AIRLINES,SHENZHEN AIRL,479
ZI,ZI,AAF,AIGLE AZUR,AIGLE AZUR,439
ZJ,ZJ,TED,TEDDY AIR,TEDDY AIR,0
ZK,ZK,GLA,GREAT LAKES AVIATI,GREAT LAKES,846
ZL,ZL,,REGIONAL EXPRESS,REGIONAL EXP,899
ZN,ZN,NAY,NAYSA,AIR BOURBON,595
ZQ,ZQ,,CARIBBEAN SUN AIRL,CARRIBEAN SUN,521
ZU,ZU,HCY,HELIOS AIRWAYS,HELIOS AIR,32
ZV,ZV,AMW,AIR MIDWEST,AIR MIDWEST,471
ZW,ZW,AWI,AIR WISCONSIN,AIRWISCONSI,303
ZX,ZX,,ZOOM AIRLINES,,0
ZY,ZY,ADE,ADA AIR,ADA AIR,121
ZZ,ZZ,,AIRLINE SERVICE,,0
QW,QW,BWG,BLUE WINGS,,49
6I,6I,IBZ,INTL BUSINESS AIRL,,0
IX,IX,,AIR INDIA CHARTERS,,0
J9,J9,,JAZEERA AIRWAYS,,0
VI,VI,,VOLGA DNEPR AIRLIN,,412
7I,7I,,INSEL AIR INTERNAT,INSEL AIR,958
7J,7J,,TAJIK AIR,TAJIK AIR,502
EB,EB,,PULLMANTUR AIR,PULLMANTUR,460
SJ,SJ,SJY,PT SRIWIJAYA AIR,,0
VE,VE,EUJ,VOLARE SPA,,0
I3,I3,,IVOIRIENNE DE TRAN,,0
I8,I8,,ABORIGINAL AIR SER,ABORIGINALAIR,0
9D,9D,,TOUMAI AIR TCHAD,TOUMAI AIR,371
I2,I2,,MUNICH AIRLINES,,0
SO,SO,OSL,SOSOLISO AIRLINES,,0
7Y,7Y,FCR,FLYING CARPET,,0
8A,8A,,ATLAS BLUE,,380
NN,NN,MOV,VIM AIRLINES,VIM AIRLINES,823
8R,8R,,SOL LINEAS AEREAS,,300
B5,B5,,EAST AFRICAN SAFAR,SAFARI AIR,305
FO,FO,,AIRLINES OF TASMAN,,0
IV,IV,JET,WIND JET,,0
JET,IV,JET,WIND JET,,0
BMI,WW,BMI,BMIBABY,,0
CRD,QC,CRD,AIR CORRIDOR,AIR CORRIDOR,766
6M,6M,,AIR MINAS LINHAS A,,0
LZB,FB,LZB,BULGARIA AIR,BALKAN AIR TO,623
YC,YC,,CAVERTON HELICOPTE,,0
RV,RV,CPN,CASPIAN AIRLINES,CASPIAN AIR,879
W6,W6,WZZ,WIZZ AIR HUNGARY,,0
U3,U3,AIA,AVIES,,0
VY,VY,VLG,VUELING AIRLINES,VUELING,0
2X,2X,XYA,AMADEUS TWO,AMADEUS TWO,799
6X,6X,XYB,AMADEUS SIX,AMADEUS SIX,172
7X,7X,XYC,AMADEUS SEVEN,AMADEUS SEVEN,791
8X,8X,XYD,AMADEUS EIGHT,AMADEUS EIGHT,798
DN,DN,,AIR DECCAN,,0
ED,ED,,AIRBLUE,AIRBLUE,484
FC,FC,,FINNCOMM AIRLINES,FINNCOMM,0
KD,KD,KNI,KD AVIA,KD AVIA,93
OG,OG,OTG,ONE TWO GO AIRLINE,OCEAN AIRWAYS,908
S8,S8,,NYASA EXPRESS,,0
8S,8S,,SHUN TAK CHINA,,802
5B,5B,,CHANCHANGI AIRLINE,,0
9I,9I,TKY,THAI SKY AIRLINES,,852
AAF,ZI,AAF,AIGLE AZUR,AIGLE AZUR,439
AAH,AQ,AAH,ALOHA AIRLINES,ALOHA AIR,327
AAL,AA,AAL,AMERICAN AIRLINES,AMERICAN,1
AAR,OZ,AAR,ASIANA AIRLINES,ASIANA,988
AAW,8U,AAW,AFRIQIYAH AIRWAYS,AFRIQIYAH AIR,546
ABH,DF,ABH,AEROLINEAS DE BALE,,59
ABS,9T,ABS,TRAVELSPAN GT INC,ATHABASKA,909
ACA,AC,ACA,AIR CANADA,AIR CANADA,14
ACI,SB,ACI,AIRCALIN,CAL.INT,63
ADE,ZY,ADE,ADA AIR,ADA AIR,121
ADO,HD,ADO,HOKKAIDO INTERNATI,,0
ADR,JP,ADR,ADRIA AIRWAYS,ADRIA,165
AEA,UX,AEA,AIR EUROPA,AIR EUROPA,996
AEE,A3,AEE,AEGEAN AIRLINES,AEGEAN AIR,390
AEU,5W,AEU,ASTRAEUS,EXECUTIVE EXP,0
AEW,VV,AEW,AEROSVIT AIRLINES,AEROSWEET,870
AFG,FG,AFG,ARIANA AFGHAN AIRL,ARIANA,255
AFL,SU,AFL,AEROFLOT,AEROFLOT,555
AFR,AF,AFR,AIR FRANCE,AIR FRANCE,57
AHY,J2,AHY,AZERBAIJAN AIRLINE,AZERBAIJAN AI,771
AIA,U3,AIA,AVIES,,0
AIC,AI,AIC,AIR INDIA,AIR INDIA,98
AIE,3H,AIE,AIR INUIT,,466
AIZ,IZ,AIZ,ARKIA,ARKIA ISRAELI,238
AJM,JM,AJM,AIR JAMAICA,AIR JAMAICA,201
AJX,NQ,AJX,AIR JAPAN COMPANY,,0
AKK,6L,AKK,AKLAK AIR,AKLAK AIR,709
AKT,V2,AKT,KARAT JSC,KARAT JSC,501
AKW,G6,AKW,ANGKOR AIRWAYS,ANGKOR AIR,397
ALK,UL,ALK,SRILANKAN AIRLINES,SRILANKAN AIR,603
ALU,C2,ALU,AIR LUXOR STP,AIR LUXOR STP,107
ALX,EO,ALX,HEWA BORA AIRWAYS,HEWA BORA,663
ALZ,3A,ALZ,KENOSHA AERO INC,MAFIRA AIR,0
AMC,KM,AMC,AIR MALTA,AIR MALTA,643
AML,QM,AML,AIR MALAWI,AIR MALAWI,167
AMT,TZ,AMT,ATA AIRLINES, INC,ATA-AMTRNSAIR,366
AMU,NX,AMU,AIR MACAU,AIR MACAU,675
AMW,ZV,AMW,AIR MIDWEST,AIR MIDWEST,471
AMX,AM,AMX,AEROMEXICO,AEROMEXICO,139
AOG,2D,AOG,AERO VIP,AEROVIP,561
ARE,4C,ARE,AIRES,AIRES,35
ARG,AR,ARG,AEROLINEAS ARGENTI,ARGENTINAS,44
ASA,AS,ASA,ALASKA AIRLINES,ALASKA A/L,27
ASD,4D,ASD,AIR SINAI,AIR SINAI,903
ASH,YV,ASH,MESA AIRLINES,MESAAIRLINE,533
ASN,IU,ASN,HEVI LIFT (PNG) PT,AIR STRAUBING,0
ASZ,OB,ASZ,ASTRAKHAN AIRLINES,ASTRAKHAN AIR,562
ATA,X6,ATA,AIRLINES REPORTING,ARC,889
ATC,TC,ATC,AIR TANZANIA,AIRTANZANIA,197
AUA,OS,AUA,AUSTRIAN,AUSTRIANAIR,257
AUB,IQ,AUB,AUGSBURG AIRWAYS,,614
AUL,5N,AUL,AEROFLOT-NORD,AEROFLOT-NORD,316
AUR,GR,AUR,AURIGNY AIR SERVIC,AURIGNY AIR,924
AUT,AU,AUT,AUSTRAL LINEAS AER,AUSTRAL L.A,143
AVA,AV,AVA,AVIANCA,AVIANCA,134
AVN,NF,AVN,AIR VANUATU,AIR VANUATU,218
AWE,HP,AWE,AMERICA WEST AIRLI,AMERICAWEST,401
AWI,ZW,AWI,AIR WISCONSIN,AIRWISCONSI,303
AWQ,QZ,AWQ,PT INDONESIA AIRAS,PTINDAIRASIA,975
AWU,7E,AWU,SYLT AIR GMBH,SYLT AIR GMBH,0
AXM,AK,AXM,AIRASIA SDN BHD,AIRASIASDNBHD,807
AXX,M4,AXX,NAYZAK AIR TRANSPO,AVIOIMPEX,728
AYZ,3G,AYZ,ATLANT-SOYUZ AIRLI,,411
AZA,AZ,AZA,ALITALIA,ALITALIA,55
AZE,ZE,AZE,LINEAS AEREAS AZTE,LINEAS AEREAS,994
AZW,UM,AZW,AIR ZIMBABWE,AIRZIMBABWE,168
BAG,DI,BAG,DBA,DBA,944
BAW,BA,BAW,BRITISH AIRWAYS,BRITISH A/W,125
BBB,VD,BBB,SWEDJET AIRWAYS,,0
BBC,BG,BBC,BIMAN BANGLADESH A,BIMAN,997
BBO,F7,BBO,FLYBABOO,FLY BABOO,33
BCY,WX,BCY,CITYJET,CITYJET,689
BEE,BE,BEE,FLYBE,BRIT EUROP,267
BER,AB,BER,AIR BERLIN,AIR BERLIN,745
BHS,UP,BHS,BAHAMASAIR,BAHAMASAIR,111
BIA,TI,BIA,ANGKOR AIRLINES,BALTIC INT.,0
BIH,BS,BIH,BRITISH INTERNATIO,GAMAIR LTD.,0
BKL,X3,BKL,TUIFLY,HL EXPRESS,0
BKP,PG,BKP,BANGKOK AIRWAYS,BANGKOK AIR,829
BLF,KF,BLF,BLUE1,BLUE 1,142
BLR,DH,BLR,INDEPENDENCE AIR,,480
BLS,JV,BLS,BEARSKIN AIRLINES,BEARSKIN AIR,632
BLV,B3,BLV,BELLVIEW AIRLINES,BELLVIEW AIR,208
BLX,6B,BLX,TUIFLY NORDIC,BRITANNIA,951
BOT,BP,BOT,AIR BOTSWANA,AIR BOTSWAN,636
BPA,BV,BPA,BLUE PANORAMA AIRL,BLUE PANORAMA,4
BRG,8E,BRG,BERING AIR,BERING AIR,0
BRU,B2,BRU,BELAVIA,BELAVIA,628
BRZ,E5,BRZ,SAMARA AIRLINES,SAMARA AIRL,906
BSY,GQ,BSY,BIG SKY AIRLINES,BIG SKY AIR,387
BTC,V9,BTC,BASHKIRIAN AIRLINE,BASHKIR AIR,940
BTV,7P,BTV,BATAVIA AIR,APA INTL,671
BVT,J8,BVT,BERJAYA AIR,BERJAYA AIR,801
BWA,BW,BWA,CARIBBEAN AIRLINES,CARIBBEAN AIR,106
BWG,QW,BWG,BLUE WINGS,,49
BZH,DB,BZH,BRIT AIR,BRIT AIR,750
CAL,CI,CAL,CHINA AIRLINES,CHINA AIR,297
CAV,MO,CAV,CALM AIR INTERNATI,CALM AIR INTL,622
CAW,MN,CAW,COMAIR,COMAIR,161
CAY,KX,CAY,CAYMAN AIRWAYS,CAYMAN AIR,378
CBE,QA,CBE,CLICK GRUPO MEXICA,AEROCARIBE,723
CCA,CA,CCA,AIR CHINA,AIR CHINA,999
CCP,MG,CCP,CHAMPION AIR,MGM GRAND,0
CDG,SC,CDG,SHANDONG AIRLINES,SHANDONG AIRL,324
CEB,5J,CEB,CEBU AIR,CEBU AIR,203
CES,MU,CES,CHINA EASTERN AIRL,CHINA EAST,781
CFG,DE,CFG,CONDOR,CONDOR,881
CHH,HU,CHH,HAINAN AIRLINES,HAINAN AIR,880
CHK,OP,CHK,CHALK OCEAN AIRWAY,PAN AM AIR,370
CHP,6A,CHP,AVIACSA,AVIACSA,95
CHQ,RP,CHQ,CHAUTAUQUA AIRLINE,,363
CIM,QI,CIM,CIMBER AIR,CIMBER AIR,647
CIR,5F,CIR,ARCTIC CIRCLE AIR,BONAIRE AIR,0
CJA,C6,CJA,CANJET AIRLINES,BRIGHT ARL,0
CLH,CL,CLH,LUFTHANSA CITYLINE,TEMPELHOF,683
CMI,CS,CMI,CONTINENTAL MICRON,CONTINL MICRO,596
CMP,CM,CMP,COPA AIRLINES,COPA PANAMENA,230
CNW,WH,CNW,CHINA NORTHWEST AI,CHINA NW,783
COA,CO,COA,CONTINENTAL AIRLIN,CONTINENTAL,5
COM,OH,COM,COMAIR INC.,COMAIR,886
CPA,CX,CPA,CATHAY PACIFIC,CATHAY PAC.,160
CPN,RV,CPN,CASPIAN AIRLINES,CASPIAN AIR,879
CSA,OK,CSA,CZECH AIRLINES CSA,CZECH AIRLINE,64
CSN,CZ,CSN,CHINA SOUTHERN AIR,CHINA SOUTH,784
CSQ,II,CSQ,IBC AIRWAYS INC,,175
CST,BX,CST,COAST AIR,COAST AIR,970
CTN,OU,CTN,CROATIA AIRLINES,CROATIA,831
CUB,CU,CUB,CUBANA DE AVIACION,CUBANA,136
CVC,J7,CVC,CENTRE-AVIA AIRLIN,CENTRE AVIA,601
CXA,MF,CXA,XIAMEN AIRLINES,XIAMEN AIR,731
CXJ,XO,CXJ,XINJIANG AIRLINES,XINJIANG,651
CXP,XP,CXP,XTRA AIRWAYS,XTRA AIRWAYS,615
CXT,DQ,CXT,COASTAL AIR TRANSP,COASTAL AIR,457
CYH,3Q,CYH,CHINA YUNNAN AIRLI,YUNNAN AIR,592
CYP,CY,CYP,CYPRUS AIRWAYS,CYPRUS AIR,48
DAE,D5,DAE,DAUAIR,DAUAIR,0
DD,DD,,NOK AIR,,0
DAH,AH,DAH,AIR ALGERIE,AIR ALGERIE,124
DAL,DL,DAL,DELTA AIR LINES,DELTA AIR,6
DAN,DM,DAN,STERLING BLUE,STERLING BLUE,349
DAP,X8,DAP,ICARDO,AEROVIAS DAP,545
DAT,SN,DAT,BRUSSELS AIRLINES,BRUSSELS AIR,82
YQ,YQ,POT,POLET AIRLINES,POLET AIRLINE,342
DBB,2A,DBB,DEUTSCHE BAHN AG,DEUTSCHE BAHN,0
DIR,AW,DIR,P.T. DIRGANTARA AI,,0
DJB,D8,DJB,DJIBOUTI AIRLINES,,0
DLA,EN,DLA,AIR DOLOMITI,AIR DOLOMITI,101
DLH,LH,DLH,LUFTHANSA,LUFTHANSA,220
DMO,E3,DMO,DOMODEDOVO AIRLINE,DOMODEDOVO,497
DNM,3D,DNM,DENIM AIR,DENIM AIR,490
DNV,D9,DNV,AEROFLOT-DON,AEROFLOT-DON,733
DRK,KB,DRK,DRUK AIR,DRUK-AIR,787
DSR,WD,DSR,DAIRO AIR SERVICES,DAS AIR,761
DTA,DT,DTA,TAAG,TAAG,118
DTR,DX,DTR,DANISH AIR TRANSPO,DANISH AIR,243
EAF,E7,EAF,FLY EUROPEAN,FLY EUROPEAN,158
EAL,EA,EAL,EUROPEAN AIR EXPRE,EUROPEAN,24
ECA,UI,ECA,EUROCYPRIA AIRLINE,,0
ECE,4F,ECE,AIR CITY,AIR-CITY,0
EEZ,GJ,EEZ,EUROFLY SPA,EUROFLY,736
EGJ,YR,EGJ,SCENIC AIRLINES,SCENIC AIR,398
EGU,H7,EGU,EAGLE AIR,,0
EIN,EI,EIN,AER LINGUS,AER LINGUS,53
EIX,2E,EIX,SMOKEY BAY AIR,EI AIR EXPORT,0
ELA,DK,ELA,EASTLAND AIR,EASTLAND AIR,0
ELG,E8,ELG,ALPI EAGLES,ALPI EAGLES,789
ELL,OV,ELL,ESTONIAN AIR,ESTONIAN AIR,960
ELO,K2,ELO,EUROLOT,KYRGHYZSTAN,0
ELY,LY,ELY,EL AL ISRAEL AIRLI,EL AL,114
EQL,KY,EQL,LINHAS AEREAS DE S,,980
ERG,7U,ERG,AVIAENERGO,,765
ERH,7H,ERH,ERA AVIATION,ERA AVIATION,808
ERT,B8,ERT,ERITREAN AIRLINES,ERITREAN AIR,637
ETH,ET,ETH,ETHIOPIAN AIRLINES,ETHIOPIAN,71
ETS,2Q,ETS,STOCKHOLMSPLANET,STOCKHOLMSPLT,0
EUJ,VE,EUJ,VOLARE SPA,,0
EVA,BR,EVA,EVA AIR,EVA AIRWAYS,695
EWG,EW,EWG,EUROWINGS,EUROWINGS,104
EXD,A2,EXD,CIELOS DEL PERU,,529
EZY,U2,EZY,EASYJET,EASYJET,0
FAB,7F,FAB,FIRST AIR,FIRST AIR,245
FAJ,PC,FAJ,AIR FIJI,FIJI AIR,677
FCN,IH,FCN,FALCON AIR,FALCON AIR,759
FEA,EF,FEA,FAR EASTERN AIR TR,FAR EASTERN,265
FIN,AY,FIN,FINNAIR,FINNAIR,105
FJI,FJ,FJI,AIR PACIFIC,AIR PACIFIC,260
FLG,9E,FLG,NORTHWEST AIRLINK,EXPRESS AIR,430
FLI,RC,FLI,ATLANTIC AIRWAYS,ATL.AIRWAYS,767
FLR,QG,FLR,DELTA AIR TRANSPOR,PRIMA AIR,574
4S,4S,,FINALAIR CONGO,AEROHONDURAS,0
4T,4T,,BELAIR AIRLINES,RUSSIAN AIR,0
4U,4U,GWI,GERMANWINGS,GERMANWINGS,0
4V,4V,,LACBRAVO,,408
4W,4W,VNA,WARBELOWS AIR VENT,WARBELOW,0
4X,4X,ANX,ATLANTIC EXPRESS A,,0
4Y,4Y,,YUTE AIR ALASKA,,0
4Z,4Z,,SOUTH AFRICAN AIRL,SA AIRLINK,749
5C,5C,,NATURE AIR,,0
5D,5D,,AEROLITORAL S.A. D,,642
5E,5E,,SIAM GA,BASE REGIONAL,0
5F,5F,CIR,ARCTIC CIRCLE AIR,BONAIRE AIR,0
5G,5G,SSV,SKYSERVICE AIRLINE,SKYSERVICE,884
5H,5H,FFV,FIVE FOURTY AVIATI,KATO AIR,540
5J,5J,CEB,CEBU AIR,CEBU AIR,203
5K,5K,ODS,ODESSA AIRLINES,SAC ODESSA,654
5L,5L,,AEROSUR,AEROSUR,275
5M,5M,,SIBAVIATRANS,JOINT STOCK,842
5N,5N,AUL,AEROFLOT-NORD,AEROFLOT-NORD,316
5P,5P,,SKY EUROPE HUNGARY,PENTA,0
5Q,5Q,,KEENAIR CHARTER LT,,0
5R,5R,KAJ,KARTHAGO AIRLINES,KARTHAGO AIR,915
5S,5S,PSV,SERVICIOS AEREOS P,,0
5T,5T,,CANADIAN NORTH,CANADIANNORTH,518
5U,5U,LDE,LINEAS AEREAS DEL,L A D E,22
5V,5V,UKW,LVIV AIRLINES,LVIV AIRLINES,62
5W,5W,AEU,ASTRAEUS,EXECUTIVE EXP,0
5Y,5Y,IOS,EXPRESS RAIL LINK,EXPRESS RAIL,0
5Z,5Z,,BISMILAH AIRLINES,BISMILAH AIRL,541
6A,6A,CHP,AVIACSA,AVIACSA,95
6B,6B,BLX,TUIFLY NORDIC,BRITANNIA,951
6C,6C,,CENTRAFRIQUE AIR E,CAPE SMYTHE,0
6D,6D,PAS,PT PELITA AIR SERV,ALASKA ISL,19
6E,6E,,INTER GLOBE AVIATI,MALMO AVIAT,0
6G,6G,FDY,GULFSTREAM AIR CHA,AIR WALES,0
6H,6H,ISR,ISRAIR AIRLINES,ISRAIR AIRLIN,818
6J,6J,,JUBBA AIRWAYS,,0
6K,6K,RIT,ASIAN SPIRIT,KORSAR,0
6L,6L,AKK,AKLAK AIR,AKLAK AIR,709
6N,6N,NRD,NORDIC AIRWAYS,NORDICAIRWAYS,0
6P,6P,,CLUBAIR,CLUBAIR,645
6Q,6Q,SLL,SLOVAK AIRLINES,SLOVAK ARLNS,921
6R,6R,DRU,MIRNY AIR,,0
6S,6S,,KATO AIRLINE,KATO AIRLINES,0
6T,6T,,AIR MANDALAY,AIR MANDALAY,0
6U,6U,UKR,AIR UKRAINE,AIR UKRAINE,891
6W,6W,,SARATOV AIRLINES,,26
6Y,6Y,LTC,LATCHARTER AIRLINE,,0
6Z,6Z,,VAN AIR EUROPE,UKRAINIAN,0
7A,7A,NXA,AIR NEXT,HAINES AIR,0
7B,7B,KJC,KRAS AIR,KRASNOYARSK,499
7C,7C,JJA,JEJU AIR,COL.PACIFIC,0
7D,7D,UDC,AIRCOMPANY DONBASS,DONBASS,897
7E,7E,AWU,SYLT AIR GMBH,SYLT AIR GMBH,0
7F,7F,FAB,FIRST AIR,FIRST AIR,245
7G,7G,,STAR FLYER,,0
7H,7H,ERH,ERA AVIATION,ERA AVIATION,808
7K,7K,KGL,KOGALYMAVIA AIRLIN,KOGALYMAVIA,313
7M,7M,AAG,ATLANTIC AIR TRANS,AEROMONTERR,0
7N,7N,,INLAND AVIATION SE,,0
7P,7P,BTV,BATAVIA AIR,APA INTL,671
7Q,7Q,PWD,PAN AM WORLD AIRWA,,110
7S,7S,RYA,ARCTIC TRANSPORTAT,,0
7U,7U,ERG,AVIAENERGO,,765
7V,7V,,PELICAN AIR SERVIC,PELICAN AIR,739
8B,8B,,CARIBBEAN STAR AIR,CARRIBEAN AIR,557
8D,8D,,SERVANT AIR,,0
8E,8E,BRG,BERING AIR,BERING AIR,0
8F,8F,STP,STP AIRWAYS,HANAIR,470
8H,8H,HWY,HIGHLAND AIRWAYS,HELIFRANCE,0
8J,8J,,JET4YOU.COM,JET4YOU.COM,0
8M,8M,,MYANMAR AIRWAYS IN,MYANMAR,599
8N,8N,,BARENTS AIRLINK,BARENTS AIR,0
8O,8O,,WEST COAST AIR,WEST COAST,222
8P,8P,PCO,PACIFIC COASTAL AI,PAC.COASTAL,905
8Q,8Q,,BAKER AVIATION,,0
8T,8T,,AIR TINDI LTD,,744
8U,8U,AAW,AFRIQIYAH AIRWAYS,AFRIQIYAH AIR,546
8V,8V,,WRIGHT AIR SERVICE,WRIGHT AIR,0
8W,8W,PWF,PRIVATE WINGS,PRIVATE WINGS,0
8Y,8Y,PBU,AIR BURUNDI,AIRBURUNDI,0
8Z,8Z,WVL,WIZZ AIR BULGARIA,ALASA ISLAND,0
9A,9A,,VISAA AIRWAYS,AIRATLANTIC,0
9B,9B,,ACCESRAIL,ACCESRAIL,450
9C,9C,,SPRING AIRLINES,HAITI CARIBB,89
9E,9E,FLG,NORTHWEST AIRLINK,EXPRESS AIR,430
9F,9F,,EUROSTAR,EUROSTAR UK,814
9G,9G,,9G RAIL LTD,,0
9H,9H,,DUTCH ANTILLES EXP,DAE,493
9K,9K,KAP,CAPE AIR,CAPE AIR,306
9L,9L,,COLGAN AIR,COLGAN AIR,426
9M,9M,GLR,CENTRAL MOUNTAIN A,CNTRL MTN AIR,634
9N,9N,,SATENA,,0
9P,9P,,PALAU NATIONAL AIR,,816
9Q,9Q,PBA,PB AIR,PB AIR,543
KQA,KQ,KQA,KENYA AIRWAYS,KENYAAIRWAY,706
KRP,V3,KRP,CARPATAIR,VEG AIR SRL,21
KRS,N5,KRS,SKAGWAY AIR SERVIC,,0
KSD,KW,KSD,KELOWNA FLIGHTCRAF,,0
KYV,YK,KYV,CYPRUS TURKISH AIR,KIBRIS,56
LAA,LN,LAA,LIBYAN AIRLINES,LIBYAN AIR,148
LAB,JF,LAB,LAB FLYING SERVICE,LAB FLYING S,510
LAJ,KJ,LAJ,BMED,BMED,436
LAL,WJ,LAL,AIR LABRADOR,LABRADORAIR,927
LAM,TM,LAM,LAM MOZAMBIQUE,LAM,68
LAN,LA,LAN,LAN AIRLINES,LAN-CHILE,45
LAO,QV,LAO,LAO AIRLINES,LAO AIRLINES,627
LAP,PZ,LAP,TAM MERCOSUR,LAPSA,692
LBC,LV,LBC,ALBANIAN AIRLINES,ALBANIAN AIR,639
LBT,BJ,LBT,NOUVELAIR,NOUVELAIR,796
LGL,LG,LGL,LUXAIR,LUXAIR,149
LIA,LI,LIA,LIAT,LIAT,140
LID,D4,LID,ALIDAUNIA S.R.L.,,0
LIL,TE,LIL,FLYLAL,FLYLAL,874
LNE,XL,LNE,LANECUADOR AEROLAN,LAN ECUADOR,462
LOF,AX,LOF,AMERICAN CONNECTIO,AA CONNECTION,414
LOT,LO,LOT,LOT POLISH AIRLINE,LOT,80
LPE,LP,LPE,LANPERU,LAN PERU,544
LPV,A6,LPV,AIR ALPS AVIATION,ALPS AVIATION,527
LRC,LR,LRC,LACSA,L A C S A,133
LRS,RZ,LRS,SANSA,PAN AM EXP,0
LTC,6Y,LTC,LATCHARTER AIRLINE,,0
LTP,QJ,LTP,LATPASS AIRLINES,,937
LTU,LT,LTU,LTU INTL AIRWAYS,LTU,266
LVG,LM,LVG,LIVINGSTON,LIVINGSTON,857
LXR,LK,LXR,AIR LUXOR,AIR LUXOR,40
LYN,QH,LYN,KYRGYZSTAN AIR COM,KYRGYZSTAN,138
MAH,MA,MAH,MALEV HUNGARIAN AI,MALEV,182
MAK,IN,MAK,MACEDONIAN AIRLINE,MACEDONIANAIR,367
MAS,MH,MAS,MALAYSIA AIRLINES,MALAYSIA,232
MAU,MK,MAU,AIR MAURITIUS,AIR MAURITI,239
MAZ,Q3,MAZ,ZAMBIAN AIRWAYS,ZAMBIAN AIR,391
MCM,YO,MCM,HELI AIR MONACO,HELIAIRMONA,747
MDA,AE,MDA,MANDARIN AIRLINES,MANDARIN AIR,803
MDG,MD,MDG,AIR MADAGASCAR,MADAGASCAR,258
MDL,RI,MDL,MANDALA AIRLINES,PT MANDALA,0
MDV,2M,MDV,MOLDAVIAN AIRLINES,MOLDAVIAN AIR,860
MEA,ME,MEA,MIDDLE EAST AIRLIN,MIDDLE EAST,76
MEP,YX,MEP,MIDWEST AIRLINES,MIDWEST,453
MES,XJ,MES,MESABA AIRLINES,MESABA AIR,582
MGL,OM,MGL,MIAT MONGOLIAN AIR,MIAT,289
MGX,YM,MGX,MONTENEGRO AIRLINE,MONTENEGRO AL,409
MLA,Q5,MLA,FORTY MILE AIR,FORTY MILES A,519
MLD,9U,MLD,AIR MOLDOVA,AIR MOLDOVA,572
MNA,MZ,MNA,MERPATI,MERPATI,621
MNB,MB,MNB,MNG AIRLINES CARGO,MNG AIR CARGO,716
MON,ZB,MON,MONARCH AIRLINES,MONARCH,974
MOV,NN,MOV,VIM AIRLINES,VIM AIRLINES,823
MPD,A7,MPD,AIR COMET,AIR COMET,352
MPH,MP,MPH,MARTINAIR,MARTINAIR,129
MRS,CW,MRS,AIR MARSHALL ISLAN,MARSHALL IS,778
MRT,MR,MRT,AIR MAURITANIE,AIR MAURITANI,174
MSR,MS,MSR,EGYPTAIR,EGYPTAIR,77
MVD,KV,MVD,KAVMINVODYAVIA AIR,KAVMINVODYAV,348
MXA,MX,MXA,MEXICANA,MEXICANA,132
MYD,MW,MYD,MAYA ISLAND AIR,MAYA AIRWAY,0
NAO,NA,NAO,NORTH AMERICAN AIR,NORTH AMERICA,455
NAX,DY,NAX,NORWEGIAN AIR SHUT,NORWEGIAN AIR,328
NBK,F4,NBK,ALBARKA AIR SERVIC,EURECA SRL,0
NCN,N9,NCN,NORDIC SOLUTIONS,NORTHCOAST AV,0
NDC,LF,NDC,FLYNORDIC,NORDIC AIR,913
NDR,CK,NDR,CHINA CARGO AIRLIN,ANDESMAR LIN,0
NEA,EJ,NEA,NEW ENGLAND AIRLIN,NEW ENGLAN,0
NES,JH,NES,NORDESTE LINHAS AE,NORDESTE,264
NGA,WT,NGA,WASAYA AIRWAYS,NIGERIA AIR,0
NIG,AJ,NIG,AEROCONTRACTORS,AEROCONTRACTO,914
NMB,SW,NMB,AIR NAMIBIA,AIR NAMIBIA,186
NRD,6N,NRD,NORDIC AIRWAYS,NORDICAIRWAYS,0
NTW,CE,NTW,NATIONWIDE AIR,NATIONWIDE,567
NWA,NW,NWA,NORTHWEST AIRLINES,NWEST AIRLI,12
NZM,NM,NZM,AIR MADRID,AIR MADRID,476
OAL,OA,OAL,OLYMPIC AIRLINES,OLYMPIC,50
OAS,WY,OAS,OMAN AIR,OMAN AIR,910
OAV,OC,OAV,OMNI AVIACAO,OMNI AVIACAO,0
OCA,R7,OCA,ASERCA,ASERCA,717
OCM,UQ,OCM,O CONNOR AIRLINES,O'CONNOR,0
ODS,5K,ODS,ODESSA AIRLINES,SAC ODESSA,654
OGN,QO,OGN,ORIGIN PACIFIC AIR,ORIGIN PACIFI,0
OLA,OJ,OLA,OVERLAND AIRWAYS,OVERLAND AIR,0
OLT,OL,OLT,OLT OSTFRIESISCHE,OLT,704
OMS,N3,OMS,OMSKAVIA,OMSKAVIA,753
OOM,Z4,OOM,ZOOM AIRLINES,,0
OSL,SO,OSL,SOSOLISO AIRLINES,,0
OTL,YG,OTL,SOUTH AIRLINES,SOUTH AIRLINE,233
PAL,PR,PAL,PHILIPPINE AIRLINE,PHILIPPINE,79
PAO,PH,PAO,POLYNESIAN AIRLINE,POLYNESIAN,162
PAS,6D,PAS,PT PELITA AIR SERV,ALASKA ISL,19
PBA,9Q,PBA,PB AIR,PB AIR,543
PBU,8Y,PBU,AIR BURUNDI,AIRBURUNDI,0
PCO,8P,PCO,PACIFIC COASTAL AI,PAC.COASTAL,905
PEL,OT,PEL,AEROPELICAN AIR SE,AEROPELICAN,0
PEN,KS,PEN,PENAIR,PEN AIR,339
PGA,NI,PGA,PORTUGALIA,PORTUGALIA,685
PIA,PK,PIA,PAKISTAN INTERNATI,P I A,214
PIC,BL,PIC,PACIFIC AIRLINES,PACIFIC AIR,550
PJS,PP,PJS,JET AVIATION BUSIN,JET AVIATION,0
PLR,J3,PLR,NORTHWESTERN AIR L,NW AIR LEASE,325
PNW,PF,PNW,PALESTINIAN AIRLIN,PALESTIN AIR,400
PSV,5S,PSV,SERVICIOS AEREOS P,,0
PUA,PU,PUA,PLUNA,P L U N A,286
PWF,8W,PWF,PRIVATE WINGS,PRIVATE WINGS,0
QFA,QF,QFA,QANTAS AIRWAYS,QANTAS,81
QTR,QR,QTR,QATAR AIRWAYS,QATAR AIRWAYS,157
QXE,QX,QXE,HORIZON AIR,HORIZON AIR,481
RAM,AT,RAM,ROYAL AIR MAROC,R.AIR MAROC,147
RBA,BI,RBA,ROYAL BRUNEI,ROYALBRUNEI,672
REA,RE,REA,AER ARANN,AER ARANN,809
REU,UU,REU,AIR AUSTRAL,AIR AUSTRAL,760
RFR,RR,RFR,ROYAL AIR FORCE,R.A.F NO1,0
RGL,FN,RGL,REGIONAL AIR LINES,REGIONAL AIR,259
RIT,6K,RIT,ASIAN SPIRIT,KORSAR,0
RJA,RJ,RJA,ROYAL JORDANIAN,RYLJORDANIA,512
RLA,A5,RLA,AIRLINAIR,AIRLINAIR,163
RML,MV,RML,ARMENIAN INTL AIRW,ARMENIAN INTL,904
RMV,WQ,RMV,ROMAVIA,ROMAVIA,534
RNA,RA,RNA,ROYAL NEPAL AIRLIN,NEPAL AIR,285
RON,ON,RON,AIR NAURU,AIR NAURU,123
ROT,RO,ROT,TAROM,TAROM,281
RPB,P5,RPB,AEROREPUBLICA,AEROREPUBLICA,845
RVL,DO,RVL,AIR VALLEE,AIR VALLEE,965
RWD,WB,RWD,RWANDAIR EXPRESS,RWANDAIR,459
RYA,7S,RYA,ARCTIC TRANSPORTAT,,0
RYN,RD,RYN,RYAN INTERNATIONAL,RYAN,0
RYR,FR,RYR,RYANAIR,RYANAIR LTD.,0
RZO,S4,RZO,SATA INTERNATIONAL,SATA INTL,331
SAA,SA,SAA,SOUTH AFRICAN AIRW,S A A,83
SAH,W7,SAH,SAYAKHAT AIRLINES,SAYAKHAT AIR,271
SAI,NL,SAI,SHAHEEN AIR INTL,SHAHEEN AIR,740
SAM,MM,SAM,SOC AERO DE MEDELL,MEDELLIN,334
SAS,SK,SAS,SCANDINAVIAN AIRLI,SAS,117
SAT,SP,SAT,SATA AIR ACORES,SATA,737
SAY,CB,SAY,SCOTAIRWAYS,SCOTAIRWAYS,969
SBI,S7,SBI,SIBERIA AIRLINES,SIBERIA AIR,421
SCW,TF,SCW,MALMO AVIATION,MALMO,276
SCX,SY,SCX,SUN COUNTRY,SUN COUNTRY,337
SDM,FV,SDM,ROSSIYA-RUSSIAN AI,ROSSIYA,195
9T,9T,ABS,TRAVELSPAN GT INC,ATHABASKA,909
9U,9U,MLD,AIR MOLDOVA,AIR MOLDOVA,572
2I,2I,SRU,STAR PERU,,156
9W,9W,JAI,JET AIRWAYS,JET AIRWAYS,589
9X,9X,,ITALI AIRLINES,TASAWI AIR,0
5O,5O,FPO,EUROPE AIRPOST,,0
A2,A2,EXD,CIELOS DEL PERU,,529
A3,A3,AEE,AEGEAN AIRLINES,AEGEAN AIR,390
A4,A4,,AEROCOMERCIAL ORIE,SOUTH WINDS,702
A5,A5,RLA,AIRLINAIR,AIRLINAIR,163
A6,A6,LPV,AIR ALPS AVIATION,ALPS AVIATION,527
A7,A7,MPD,AIR COMET,AIR COMET,352
A8,A8,,BENIN GOLF AIR,BENIN GOLF,719
A9,A9,,GEORGIAN AIRWAYS,ARIZENA AIR,606
AA,AA,AAL,AMERICAN AIRLINES,AMERICAN,1
AB,AB,BER,AIR BERLIN,AIR BERLIN,745
AC,AC,ACA,AIR CANADA,AIR CANADA,14
AD,AD,,AIR PARADISE INTL,AIR PARADISE,817
AE,AE,MDA,MANDARIN AIRLINES,MANDARIN AIR,803
AF,AF,AFR,AIR FRANCE,AIR FRANCE,57
AGN,GN,AGN,AIR GABON,AIR GABON,185
AH,AH,DAH,AIR ALGERIE,AIR ALGERIE,124
AI,AI,AIC,AIR INDIA,AIR INDIA,98
AJ,AJ,NIG,AEROCONTRACTORS,AEROCONTRACTO,914
AK,AK,AXM,AIRASIA SDN BHD,AIRASIASDNBHD,807
AL,AL,,MIDWEST CONNECT,ASTRAL AVIA,0
AM,AM,AMX,AEROMEXICO,AEROMEXICO,139
ANA,NH,ANA,ALL NIPPON AIRWAYS,ALL NIPPON,205
ANG,PX,ANG,AIR NIUGINI,AIR NIUGINI,656
ANK,EL,ANK,AIR NIPPON,AIR NIPPON,768
ANO,TL,ANO,AIRNORTH REGIONAL,AIRNORTH RGL,935
ANS,YW,ANS,AIR NOSTRUM,AIR NOSTRUM,694
ANV,LW,ANV,PACIFIC WINGS,AIR NEVADA,568
ANZ,NZ,ANZ,AIR NEW ZEALAND,NEW ZEALAND,86
AO,AO,,AUSTRALIAN AIRLINE,AUSTRALIAN,0
AP,AP,,AIR ONE,ALIADRATICA,867
AQ,AQ,AAH,ALOHA AIRLINES,ALOHA AIR,327
AR,AR,ARG,AEROLINEAS ARGENTI,ARGENTINAS,44
AS,AS,ASA,ALASKA AIRLINES,ALASKA A/L,27
AT,AT,RAM,ROYAL AIR MAROC,R.AIR MAROC,147
AU,AU,AUT,AUSTRAL LINEAS AER,AUSTRAL L.A,143
AV,AV,AVA,AVIANCA,AVIANCA,134
AW,AW,DIR,P.T. DIRGANTARA AI,,0
AX,AX,LOF,AMERICAN CONNECTIO,AA CONNECTION,414
AY,AY,FIN,FINNAIR,FINNAIR,105
AZ,AZ,AZA,ALITALIA,ALITALIA,55
B2,B2,BRU,BELAVIA,BELAVIA,628
B3,B3,BLV,BELLVIEW AIRLINES,BELLVIEW AIR,208
B4,B4,TAN,ZANAIR,ZANAIR,698
B6,B6,JBU,JETBLUE,,279
B7,B7,UIA,UNI AIRWAYS,UNI AIRWAYS,525
B8,B8,ERT,ERITREAN AIRLINES,ERITREAN AIR,637
B9,B9,,IRAN AIR TOURS,,491
BA,BA,BAW,BRITISH AIRWAYS,BRITISH A/W,125
BB,BB,,SEABORNE AIRLINES,SEABORNE,0
BC,BC,SKY,SKYMARK AIRLINES,,0
BD,BD,BMA,BMI,BRITMIDLAND,236
BE,BE,BEE,FLYBE,BRIT EUROP,267
BG,BG,BBC,BIMAN BANGLADESH A,BIMAN,997
BH,BH,,HAWKAIR,HAWKAIR,993
BI,BI,RBA,ROYAL BRUNEI,ROYALBRUNEI,672
BJ,BJ,LBT,NOUVELAIR,NOUVELAIR,796
BK,BK,,OKAY AIRWAYS,PARADISE ISL,866
BL,BL,PIC,PACIFIC AIRLINES,PACIFIC AIR,550
SDR,CF,SDR,CITY AIRLINE,CITY AIR,419
SER,JR,SER,AERO CALIFORNIA,AERO CALIFORN,78
SEY,HM,SEY,AIR SEYCHELLES,AIR SEYCHEL,61
SGB,F3,SGB,SKYKING,FLY 1ST CLASS,0
SHU,HZ,SHU,SAT AIRLINES,SAT AIRLINES,598
SIA,SQ,SIA,SINGAPORE AIRLINES,SINGAPORE,618
SIH,SI,SIH,SKYNET AIRLINES,SKYNET AIR,597
SJY,SJ,SJY,PT SRIWIJAYA AIR,,0
SKI,RU,SKI,TCI SKYKING LTD,TCI SKYKING,25
SKU,H2,SKU,SKY AIRLINE,SKY AIRLINE,605
SKW,OO,SKW,SKYWEST AIRLINES,SKY WEST,302
SKX,JZ,SKX,SKYWAYS AB,SKYWAYS AB,752
SKY,BC,SKY,SKYMARK AIRLINES,,0
SLA,LJ,SLA,SIERRA NATIONAL AI,SIERRA NTL,690
SLK,MI,SLK,SILKAIR,SILKAIR,629
SLL,6Q,SLL,SLOVAK AIRLINES,SLOVAK ARLNS,921
SLM,PY,SLM,SURINAM AIRWAYS,SURINAM AIR,192
SMX,XM,SMX,ALITALIA EXPRESS,ALITALIA EXP,0
SNG,V7,SNG,AIR SENEGAL INTL,AIR SENEGAL,407
SOL,IE,SOL,SOLOMON AIRLINES,SOLOMON AIR,193
SSV,5G,SSV,SKYSERVICE AIRLINE,SKYSERVICE,884
SUD,SD,SUD,SUDAN AIRWAYS,SUDAN AIR,200
SUF,PI,SUF,SUNAIR,SUNFLOWER,252
SUS,EZ,SUS,SUN AIR OF SCANDIN,,0
SVA,SV,SVA,SAUDI ARABIAN AIRL,SAUDIARABI,65
SVK,GM,SVK,AIR SLOVAKIA,AIR SLOVAKIA,0
SVR,U6,SVR,URAL AIRLINES,URAL AIRLINES,262
SWA,WN,SWA,SOUTHWEST AIRLINES,SW AIRLINES,526
SWE,SM,SWE,SWEDLINE,,496
SWR,LX,SWR,SWISS,SWISS,724
SXS,XQ,SXS,SUN EXPRESS,SUN EXPRESS,564
SYM,MQ,SYM,AMERICAN EAGLE,SIMMONS AIR,0
SYR,RB,SYR,SYRIAN ARAB AIRLIN,SYRIAN AIR,70
TAE,EQ,TAE,TAME,TAME,269
TAI,TA,TAI,TACA INTL AIRLINES,TACA,202
TAM,JJ,TAM,TAM LINHAS AEREAS,TAM LINH. AER,957
TAO,VW,TAO,AEROMAR,AEROMAR,942
TAP,TP,TAP,TAP PORTUGAL,TAP PORTUGAL,47
TAR,TU,TAR,TUNISAIR,TUNIS AIR,199
TAY,3V,TAY,TNT AIRWAYS,VIKING AIR,756
TCV,VR,TCV,TACV CABO VERDE AI,T A C V,696
TDM,TQ,TDM,TANDEM AERO,,38
TED,ZJ,TED,TEDDY AIR,TEDDY AIR,0
TGW,TR,TGW,TIGER AIRWAYS,,0
THA,TG,THA,THAI AIRWAYS INTL,THAI,217
THT,TN,THT,AIR TAHITI NUI,AIR TAHITI,244
THY,TK,THY,TURKISH AIRLINES,TURKISH,235
TKC,WU,TKC,TIKAL JETS AIRLINE,TIKAL JETS,795
TNA,GE,TNA,TRANSASIA AIRWAYS,TRANSASIA,170
TNR,4E,TNR,TANANA AIR SERVICE,TANANA AIR,0
TPC,TY,TPC,AIR CALEDONIE,AIRCALEDONI,190
TRA,HV,TRA,TRANSAVIA AIRLINES,TRANSAVIA,979
TSC,TS,TSC,AIR TRANSAT,AIR TRANSAT,649
TSG,Q8,TSG,TRANS AIR CONGO,TRANS AIR,223
TSO,UN,TSO,TRANSAERO AIRLINES,TRANSAERO,670
TUA,T5,TUA,TURKMENISTAN AIRLI,TURKMENISTAN,542
TUI,UG,TUI,SEVENAIR,TUNINTER,150
TVR,T6,TVR,TAVREY AIRCOMPANY,TAVREY AIRCO,204
TVS,QS,TVS,SMART WINGS,TRAVELSERVICE,797
TYR,VO,TYR,TYROLEAN AIRWAYS,TYROLEANAIR,734
UAE,EK,UAE,EMIRATES,EMIRATES,176
UAL,UA,UAL,UNITED AIRLINES,UNITED,16
UBA,UB,UBA,UNITED MYANMAR AIR,UTD MYANMAR,209
UCA,C5,UCA,CHAMPLAIN ENTERPRI,,841
UCR,DW,UCR,AERO-CHARTER,HELICOPTER SH,187
UDC,7D,UDC,AIRCOMPANY DONBASS,DONBASS,897
UDN,Z6,UDN,DNIEPROAVIA,DNIEPROAVIA,181
UGX,QU,UGX,EAST AFRICAN AIRLI,EAST AFRICAN,581
UIA,B7,UIA,UNI AIRWAYS,UNI AIRWAYS,525
USA,US,USA,US AIRWAYS,US AIRWAYS,37
UVG,UW,UVG,UNIVERSAL AIRLINES,UNIVERSAL AIR,751
UYC,UY,UYC,CAMEROON AIRLINES,CAMEROONAIR,604
UZB,HY,UZB,UZBEKISTAN AIRWAYS,UZBEKISTAN,250
VAL,VC,VAL,VOYAGEUR AIRWAYS,SERVIVENSA,0
VEX,TV,VEX,BRUSSELS AIRLINES,VIRGIN EXPRES,0
VIR,VS,VIR,VIRGIN ATLANTIC,VIRGIN ATL,932
VLE,VA,VLE,VOLARE AIRLINES,VOLARE,263
VLK,XF,VLK,VLADIVOSTOK AIR,VLADIVOSTOK,277
VLM,VG,VLM,VLM AIRLINES,VLM NEDERLAND,978
VLU,VF,VLU,VALUAIR,VALUAIR,896
VNA,4W,VNA,WARBELOWS AIR VENT,WARBELOW,0
VNZ,L6,VNZ,TBILAVIAMSHENI,TBILAVIAMSHE,434
VOZ,DJ,VOZ,VIRGIN BLUE,VIRGIN BLUE,856
VRG,RG,VRG,VRG LINHAS AEREAS,VARIG SA,42
VRR,2R,VRR,VIA RAIL CANADA IN,VIA RAIL,830
VSP,VP,VSP,VASP,V A S P,343
VTA,VT,VTA,AIR TAHITI,AIR TAHITI,135
WCW,YH,WCW,WEST CARIBBEAN AIR,WEST CARIBBEA,600
WIA,WM,WIA,WINDWARD ISLAND AI,WINDWARD ISL,295
WIF,WF,WIF,WIDEROE,WIDEROE,701
WJA,WS,WJA,WESTJET,WESTJET,838
WLC,2W,WLC,WELCOME AIR,WELCOME AIR,227
WND,W8,WND,CARRIBEAN WINDS AI,LA COSTENA,0
WSG,WG,WSG,SUNWING AIRLINES,WASAYA AIRWAY,0
WZP,3J,WZP,ZIP AIR,ZIP AIR,0
WZZ,W6,WZZ,WIZZ AIR HUNGARY,,0
XLA,JN,XLA,XL AIRWAYS UK,,0
XYA,2X,XYA,AMADEUS TWO,AMADEUS TWO,799
XYB,6X,XYB,AMADEUS SIX,AMADEUS SIX,172
XYC,7X,XYC,AMADEUS SEVEN,AMADEUS SEVEN,791
XYD,8X,XYD,AMADEUS EIGHT,AMADEUS EIGHT,798
VK,VK,VGN,VIRGIN NIGERIA,VGN NIGERIA,786
3O,3O,PVU,PEAU VAVA'U,,0
5I,5I,GRG,AIR G,AIR G,936
6O,6O,,AIR SATELLITE,,0
8I,8I,,MYAIR.COM,,0
9O,9O,,NATIONAL AIRWAYS C,AIRCAMEROON,357
CUA,KN,CUA,CHINA UNITED AIRLI,,822
GIO,O2,GIO,JET AIR,,0
GLG,2K,GLG,AEROLINEAS GALAPAG,AEROGAL,547
GRG,5I,GRG,AIR G,AIR G,936
I5,I5,,COMPAGNIE AERIENNE,CAM,261
I9,I9,,AIR ITALY,AIR ITALY,67
JSA,3K,JSA,JETSTAR ASIA,JETSTAR ASIA,375
KN,KN,CUA,CHINA UNITED AIRLI,,822
N2,N2,,DAGESTAN AIRLINES,DAGAIR,394
O2,O2,GIO,JET AIR,,0
O3,O3,,BELLVIEW AIRLINES,,0
VGN,VK,VGN,VIRGIN NIGERIA,VGN NIGERIA,786
BMA,BD,BMA,BMI,BRITMIDLAND,236
BMJ,CH,BMJ,BEMIDJI AIRLINES,BEMIDJI,872
BN,BN,,HORIZON AIRLINES,HORIZON AIRLI,0
JI,JI,,EASTERN CARIBBEAN,,0
BP,BP,BOT,AIR BOTSWANA,AIR BOTSWAN,636
BR,BR,EVA,EVA AIR,EVA AIRWAYS,695
BS,BS,BIH,BRITISH INTERNATIO,GAMAIR LTD.,0
BT,BT,,AIR BALTIC,AIR BALTIC,657
BU,BU,CNO,SAS NORWAY,SAS NORWAY,154
BV,BV,BPA,BLUE PANORAMA AIRL,BLUE PANORAMA,4
BW,BW,BWA,CARIBBEAN AIRLINES,CARIBBEAN AIR,106
BX,BX,CST,COAST AIR,COAST AIR,970
BY,BY,TOM,THOMSONFLY,BRITANNIA,754
BZ,BZ,,KEYSTONE AIR SERVI,,0
C2,C2,ALU,AIR LUXOR STP,AIR LUXOR STP,107
C4,C4,,ALMA DE MEXICO,ALMADEMEXICO,665
C5,C5,UCA,CHAMPLAIN ENTERPRI,,841
C6,C6,CJA,CANJET AIRLINES,BRIGHT ARL,0
C7,C7,RLE,RLA RICO LINHAS AR,,0
C8,C8,,NACAIR LP,CHICAGO AIR,0
C9,C9,,CIRRUS AIRLINES,CIRRUS AIR,251
CA,CA,CCA,AIR CHINA,AIR CHINA,999
CB,CB,SAY,SCOTAIRWAYS,SCOTAIRWAYS,969
CC,CC,,MACAIR AIRLINES,AIR UGANDA,374
CD,CD,LLR,ALLIANCE AIR,SEAVIEW AIR,296
CE,CE,NTW,NATIONWIDE AIR,NATIONWIDE,567
CF,CF,SDR,CITY AIRLINE,CITY AIR,419
CG,CG,,AIRLINES PNG,AIRL. OF PNG,626
CH,CH,BMJ,BEMIDJI AIRLINES,BEMIDJI,872
CI,CI,CAL,CHINA AIRLINES,CHINA AIR,297
CJ,CJ,CFE,BA CITYFLYER,CHINA NORTH,0
CK,CK,NDR,CHINA CARGO AIRLIN,ANDESMAR LIN,0
CL,CL,CLH,LUFTHANSA CITYLINE,TEMPELHOF,683
CM,CM,CMP,COPA AIRLINES,COPA PANAMENA,230
CN,CN,,GRAND CHINA AIR,,895
CO,CO,COA,CONTINENTAL AIRLIN,CONTINENTAL,5
CP,CP,,COMPASS AIRLINES,CANADIAN,3
CRL,SS,CRL,CORSAIR,CORSE AIR,923
CRQ,YN,CRQ,AIR CREEBEC,AIR CREEBEC,219
CS,CS,CMI,CONTINENTAL MICRON,CONTINL MICRO,596
CT,CT,,AIR SOFIA,,0
CU,CU,CUB,CUBANA DE AVIACION,CUBANA,136
CV,CV,,AIR CHATHAMS,AIR CHATHAM,0
CW,CW,MRS,AIR MARSHALL ISLAN,MARSHALL IS,778
CX,CX,CPA,CATHAY PACIFIC,CATHAY PAC.,160
CY,CY,CYP,CYPRUS AIRWAYS,CYPRUS AIR,48
CZ,CZ,CSN,CHINA SOUTHERN AIR,CHINA SOUTH,784
D2,D2,,SEVERSTAL AIRCOMPA,SEVERSTAL AIR,103
D3,D3,,DAALLO AIRLINES,DAALLO AIRLIN,991
D4,D4,LID,ALIDAUNIA S.R.L.,,0
D5,D5,DAE,DAUAIR,DAUAIR,0
D6,D6,INL,INTER AIR,INTER AIR,625
D7,D7,,FLYASIANXPRESS,FLYASIANXPRES,0
D8,D8,DJB,DJIBOUTI AIRLINES,,0
D9,D9,DNV,AEROFLOT-DON,AEROFLOT-DON,733
DA,DA,GEO,AIR GEORGIA,AIR GEORGIA,500
DB,DB,BZH,BRIT AIR,BRIT AIR,750
DC,DC,GAO,GOLDEN AIR,GOLDEN AIR,0
DE,DE,CFG,CONDOR,CONDOR,881
DF,DF,ABH,AEROLINEAS DE BALE,,59
DG,DG,,SOUTH EAST ASIAN A,,0
DH,DH,BLR,INDEPENDENCE AIR,,480
DI,DI,BAG,DBA,DBA,944
DJ,DJ,VOZ,VIRGIN BLUE,VIRGIN BLUE,856
DK,DK,ELA,EASTLAND AIR,EASTLAND AIR,0
DL,DL,DAL,DELTA AIR LINES,DELTA AIR,6
DM,DM,DAN,STERLING BLUE,STERLING BLUE,349
DO,DO,RVL,AIR VALLEE,AIR VALLEE,965
DP,DP,FCA,FIRST CHOICE AIRWA,AIR 2000 LTD,91
DQ,DQ,CXT,COASTAL AIR TRANSP,COASTAL AIR,457
DR,DR,,AIR LINK,AIR LINK,0
DS,DS,,EASYJET SWITZERLAN,,0
DT,DT,DTA,TAAG,TAAG,118
DU,DU,,HEMUS AIR,HEMUS AIR,748
DV,DV,,JSC AIRCOMPANY SCA,JSC SCAT,655
DW,DW,UCR,AERO-CHARTER,HELICOPTER SH,187
QC,QC,CRD,AIR CORRIDOR,AIR CORRIDOR,766
UI,UI,ECA,EUROCYPRIA AIRLINE,,0
2O,2O,RNE,REDEMPTION,,0
AAG,7M,AAG,ATLANTIC AIR TRANS,AEROMONTERR,0
EPA,W2,EPA,EFATA PAPUA AIRLIN,EFATA PAPUA,0
EXK,OW,EXK,EXECUTIVE AIRLINES,,0
GAI,3R,GAI,GROMOV AIRLINE,GROMOVAIRLINE,520
GWI,4U,GWI,GERMANWINGS,GERMANWINGS,0
HB,HB,,HOMER AIR,,0
ISL,X9,ISL,CITY STAR AIRLINES,CITY STAR AIR,445
JMX,J4,JMX,AIR JAMAICA EXPRES,,100
MYT,VZ,MYT,MYTRAVELLITE,,727
NXA,7A,NXA,AIR NEXT,HAINES AIR,0
OR,OR,TFL,ARKEFLY,TUI AIRLINES,178
P3,P3,,PHOENIX AVIATION,,388
RNE,2O,RNE,REDEMPTION,,0
TFL,OR,TFL,ARKEFLY,TUI AIRLINES,178
UH,UH,,US HELICOPTER CORP,US HELICOPTER,116
DX,DX,DTR,DANISH AIR TRANSPO,DANISH AIR,243
DY,DY,NAX,NORWEGIAN AIR SHUT,NORWEGIAN AIR,328
DZ,DZ,LMZ,JSC STARLINE,,0
E2,E2,KMP,KAMPUCHEA AIRLINES,RIO GRANDEAIR,837
E3,E3,DMO,DOMODEDOVO AIRLINE,DOMODEDOVO,497
E4,E4,,AERO ASIA INTERNAT,AERO ASIA,532
E5,E5,BRZ,SAMARA AIRLINES,SAMARA AIRL,906
E6,E6,,AVIA EXPRESS CRUIS,,241
E7,E7,EAF,FLY EUROPEAN,FLY EUROPEAN,158
E8,E8,ELG,ALPI EAGLES,ALPI EAGLES,789
E9,E9,,PAN AM CLIPPER CON,PAN AM CONX,385
EA,EA,EAL,EUROPEAN AIR EXPRE,EUROPEAN,24
EE,EE,,AERO AIRLINES,AERO AIRLINES,350
EF,EF,FEA,FAR EASTERN AIR TR,FAR EASTERN,265
EG,EG,JAA,JAPAN ASIA AIRWAYS,JAPAN ASIA,688
EH,EH,,AIR NIPPON NETWORK,,0
EI,EI,EIN,AER LINGUS,AER LINGUS,53
EJ,EJ,NEA,NEW ENGLAND AIRLIN,NEW ENGLAN,0
EK,EK,UAE,EMIRATES,EMIRATES,176
EL,EL,ANK,AIR NIPPON,AIR NIPPON,768
EM,EM,,AERO BENIN,,282
EN,EN,DLA,AIR DOLOMITI,AIR DOLOMITI,101
EO,EO,ALX,HEWA BORA AIRWAYS,HEWA BORA,663
EP,EP,IRC,IRAN ASEMAN AIRLIN,,815
EQ,EQ,TAE,TAME,TAME,269
ER,ER,,AIR EAST,,0
ESL,P7,ESL,RUSSIAN SKY AIRLIN,EAST LINE AIR,215
ET,ET,ETH,ETHIOPIAN AIRLINES,ETHIOPIAN,71
EU,EU,,UNITED EAGLE AIRLI,ECUATORIANA,811
EV,EV,ACY,ATLANTIC SOUTHEAST,,862
EW,EW,EWG,EUROWINGS,EUROWINGS,104
EY,EY,ETD,ETIHAD AIRWAYS,ETIHAD AIR,607
EZ,EZ,SUS,SUN AIR OF SCANDIN,,0
F3,F3,SGB,SKYKING,FLY 1ST CLASS,0
F4,F4,NBK,ALBARKA AIR SERVIC,EURECA SRL,0
F5,F5,,COSMIC AIR,COSMIC AIR,447
F6,F6,,FAROEJET,FST CAMBODIA,0
F7,F7,BBO,FLYBABOO,FLY BABOO,33
F8,F8,,FREEDOM AIRLINES,AIR MONTREAL,0
F9,F9,,FRONTIER AIRLINES,FRONTIER AIR,422
FA,FA,,AIRLINK AIRWAYS LI,,0
FB,FB,LZB,BULGARIA AIR,BALKAN AIR TO,623
FD,FD,,THAI AIRASIA,THAI AIRASIA,0
FE,FE,,PRIMARIS AIRLINES,,519
FG,FG,AFG,ARIANA AFGHAN AIRL,ARIANA,255
FH,FH,FUA,FUTURA INTERNATION,FUTURA INTL,0
FI,FI,ICE,ICELANDAIR,ICELANDAIR,108
FJ,FJ,FJI,AIR PACIFIC,AIR PACIFIC,260
FK,FK,,KEEWATIN AIR,,0
FL,FL,,AIRTRAN AIRWAYS,AIRTRAN AIR,332
FM,FM,CSH,SHANGHAI AIRLINES,SHANGAI AIRLI,774
FN,FN,RGL,REGIONAL AIR LINES,REGIONAL AIR,259
FP,FP,FRE,FREEDOM AIR,,224
FQ,FQ,,BRINDABELLA AIRLIN,BRINDABELLA,0
FR,FR,RYR,RYANAIR,RYANAIR LTD.,0
FS,FS,,MISSION AVN FELLOW,MISSIONARY,0
FT,FT,SRH,SIEM REAP AIRWAYS,SIEM REAP AIR,84
FV,FV,SDM,ROSSIYA-RUSSIAN AI,ROSSIYA,195
FW,FW,,IBEX AIRLINES,,0
FX,FX,FXA,FEDEX,EXPRESS AIR,0
FY,FY,,FLYFIREFLY,NW REGIONAL,0
G2,G2,AVX,AVIREX GABON,AVIREX GABON,619
G3,G3,GLO,GOL TRANSPORTES AE,GOL,127
G4,G4,,ALLEGIANT AIR,GUIZHOU AIR,268
G5,G5,,CHINA EXPRESS AIRL,JSC AIR ENKOR,987
G6,G6,AKW,ANGKOR AIRWAYS,ANGKOR AIR,397
G8,G8,,GO AIRLINES,,0
G9,G9,,AIR ARABIA,,0
GA,GA,GIA,GARUDA INDONESIA,GARUDA,126
GBL,GT,GBL,GB AIRWAYS,GB AIRWAYS,171
GC,GC,GNR,GAMBIA INTL AIRLIN,GAMBIA INTL,34
GE,GE,TNA,TRANSASIA AIRWAYS,TRANSASIA,170
GF,GF,GFA,GULF AIR,GULF AIR,72
GH,GH,GHA,GHANA AIRWAYS,GHANA AIR,237
GI,GI,IKA,ITEK AIR,ITEK AIR,420
GJ,GJ,EEZ,EUROFLY SPA,EUROFLY,736
GL,GL,GRL,AIR GREENLAND,AIR GREENLAND,631
GM,GM,SVK,AIR SLOVAKIA,AIR SLOVAKIA,0
GN,GN,AGN,AIR GABON,AIR GABON,185
GO,GO,GOE,GO,,0
GP,GP,GDR,GADAIR EUROPEAN AI,,559
GQ,GQ,BSY,BIG SKY AIRLINES,BIG SKY AIR,387
GR,GR,AUR,AURIGNY AIR SERVIC,AURIGNY AIR,924
GS,GS,,GRAND CHINA EXPRES,,826
GT,GT,GBL,GB AIRWAYS,GB AIRWAYS,171
GU,GU,GUG,AVIATECA,AVIATECA,240
GW,GW,KIL,AIR LINES OF KUBAN,AIR OF KUBAN,113
6V,6V,MRW,MARS RK,MARS RK,0
9V,9V,ROI,AVIOR,,742
LM,LM,LVG,LIVINGSTON,LIVINGSTON,857
PD,PD,,PORTER AIRLINES,,0
2L,2L,OAW,HELVETIC AIRWAYS,HELVETIC AIR,0
GY,GY,,GABON AIRLINES,GABON AIR,13
GZ,GZ,,AIR RAROTONGA,AIR RAROTONG,755
H2,H2,SKU,SKY AIRLINE,SKY AIRLINE,605
H3,H3,,HARBOUR AIR SEAPLA,HARBOUR AIR,458
H4,H4,,HELI SECURITE,HELI SECURITE,0
H5,H5,,HOLA AIRLINES,MAGADAN,0
H6,H6,,HAGELAND AVIATION,,0
H7,H7,EGU,EAGLE AIR,,0
H8,H8,KHB,DALAVIA,DALAVIA,560
H9,H9,,PEGASUS HAVA TASIM,PEGASUS,624
HA,HA,HAL,HAWAIIAN AIRLINES,HAWAIIAN AIR,173
HC,HC,,AERO-TROPICS,AERO TROPICS,0
HD,HD,ADO,HOKKAIDO INTERNATI,,0
HE,HE,,LGW LUFTFAHRTGES W,LGW LUFTFAHRT,0
HF,HF,HLF,HAPAGFLY,HAPAGFLY,617
HG,HG,,NIKI,NIKI,0
HI,HI,,PAPILLON AIRWAYS,PAPILLONAIR,563
HJ,HJ,HEJ,HELLAS JET,HELLENIC STAR,681
HK,HK,,YANGON AIRWAYS LIM,,0
HLF,HF,HLF,HAPAGFLY,HAPAGFLY,617
HM,HM,SEY,AIR SEYCHELLES,AIR SEYCHEL,61
HN,HN,,PROTEUS HELICOPTER,,0
HO,HO,DKH,JUNEYAO AIRLINES,,18
HP,HP,AWE,AMERICA WEST AIRLI,AMERICAWEST,401
HQ,HQ,HMY,HARMONY AIRWAYS,HARMONY AIR,668
HR,HR,HHN,HAHN AIR,HAHN AIR,169
HS,HS,HIL,SVENSKA DIREKTFLYG,DIREKTFLYG,0
HT,HT,,AEROMIST-KHARKOV,AEROMIST KHAR,730
HU,HU,CHH,HAINAN AIRLINES,HAINAN AIR,880
HV,HV,TRA,TRANSAVIA AIRLINES,TRANSAVIA,979
HW,HW,,NORTH WRIGHT AIR,NORTH-WRIGH,0
HX,HX,,HONG KONG AIRLINES,HONGKONG AIR,851
HY,HY,UZB,UZBEKISTAN AIRWAYS,UZBEKISTAN,250
HZ,HZ,SHU,SAT AIRLINES,SAT AIRLINES,598
IA,IA,IAW,IRAQI AIRWAYS,IRAQI AIR,73
IB,IB,IBE,IBERIA,IBERIA,75
IC,IC,IAC,INDIAN AIRLINES,INDIAN AIR,58
ID,ID,ITK,INTERLINK AIRLINES,INTERLINK,431
IE,IE,SOL,SOLOMON AIRLINES,SOLOMON AIR,193
IF,IF,,ISLAS AIRWAYS,ISLAS AIRWAYS,769
IG,IG,ISS,MERIDIANA,MERIDIANA,191
IH,IH,FCN,FALCON AIR,FALCON AIR,759
II,II,CSQ,IBC AIRWAYS INC,,175
IK,IK,ITX,IMAIR AIRLINE,IMAIR AIR,166
IL,IL,,LANKAIR PRIVATE LI,ISTANBUL AIR,0
IM,IM,,MENAJET LEBANON,INTENSIVE AIR,0
IN,IN,MAK,MACEDONIAN AIRLINE,MACEDONIANAIR,367
IO,IO,,INTERCONTINENTAL P,TAT-EXPORT,0
IP,IP,,ATYRAU AUE JOLY,ATYRAUAUEJOLY,312
IQ,IQ,AUB,AUGSBURG AIRWAYS,,614
IR,IR,IRA,IRAN AIR,IRAN AIR,96
IS,IS,,ISLAND AIRLINES,ISLAND AIR,0
IT,IT,,KINGFISHER AIRLINE,KINGFISHER,90
IU,IU,ASN,HEVI LIFT (PNG) PT,AIR STRAUBING,0
IW,IW,,WINGS AIR,AIR LIB,0
IY,IY,IYE,YEMENIA YEMEN AIRW,YEMENIA,635
IZ,IZ,AIZ,ARKIA,ARKIA ISRAELI,238
J2,J2,AHY,AZERBAIJAN AIRLINE,AZERBAIJAN AI,771
J3,J3,PLR,NORTHWESTERN AIR L,NW AIR LEASE,325
J4,J4,JMX,AIR JAMAICA EXPRES,,100
J5,J5,,ALASKA SEAPLANE SE,STOCK SOCHI,0
J6,J6,,CRUISER LINHAS AER,LARRYS FLYING,0
J7,J7,CVC,CENTRE-AVIA AIRLIN,CENTRE AVIA,601
J8,J8,BVT,BERJAYA AIR,BERJAYA AIR,801
JA,JA,,B&H AIRLINES,B&H AIRLINES,995
JB,JB,JBA,HELIJET INTERNATIO,HELIJET,613
JC,JC,,JAL EXPRESS,JAL EXPRESS,0
JF,JF,LAB,LAB FLYING SERVICE,LAB FLYING S,510
JH,JH,NES,NORDESTE LINHAS AE,NORDESTE,264
JJ,JJ,TAM,TAM LINHAS AEREAS,TAM LINH. AER,957
JK,JK,JKK,SPANAIR,SPANAIR,680
JL,JL,JAL,JAPAN AIRLINES,J A L,131
JM,JM,AJM,AIR JAMAICA,AIR JAMAICA,201
JN,JN,XLA,XL AIRWAYS UK,,0
JO,JO,JAZ,JALWAYS,JALWAYS,708
JP,JP,ADR,ADRIA AIRWAYS,ADRIA,165
JQ,JQ,JST,JETSTAR,JETSTAR,41
JR,JR,SER,AERO CALIFORNIA,AERO CALIFORN,78
JS,JS,KOR,AIR KORYO,KOR.AIR DPR,120
JT,JT,,LION AIRLINES,JARO INTL ARL,990
JU,JU,JAT,JAT AIRWAYS,J A T,115
JV,JV,BLS,BEARSKIN AIRLINES,BEARSKIN AIR,632
JW,JW,,SKIPPERS AVIATION,,0
JX,JX,,NICE HELICOPTERES,NICE HELICOPT,179
JY,JY,,AIR TURKS AND CAIC,,653
JZ,JZ,SKX,SKYWAYS AB,SKYWAYS AB,752
K2,K2,ELO,EUROLOT,KYRGHYZSTAN,0
K3,K3,,TAQUAN AIR SERVICE,,0
K4,K4,,KRONFLYG,,0
K5,K5,,WINGS OF ALASKA,WINGS ALASKA,0
K7,K7,,ARIZONA EXPRESS AI,ARIZONA,0
K8,K8,,ZAMBIA SKYWAYS,ZAMBIA SKYWAY,241
K9,K9,,LOVE AIR,SKYWARD,0
KA,KA,HDA,DRAGONAIR,HK DRAGON,43
KB,KB,DRK,DRUK AIR,DRUK-AIR,787
KC,KC,KZR,AIR ASTANA,AIR ASTANA,465
KE,KE,KAL,KOREAN AIR,KOREAN AIR,180
KF,KF,BLF,BLUE1,BLUE 1,142
KG,KG,GTV,AEROGAVIOTA,KING ISLAND,854
KI,KI,,ADAM AIR,AIR CONTACT,0
KJ,KJ,LAJ,BMED,BMED,436
KK,KK,KKK,ATLASJET AIRLINES,ATLASJET,610
KL,KL,KLM,KLM ROYAL DUTCH AI,KLM,74
KM,KM,AMC,AIR MALTA,AIR MALTA,643
KO,KO,,ALASKA CENTRAL EXP,,0
KP,KP,,KIWI INTERNATIONAL,KIWI INTL,538
KQ,KQ,KQA,KENYA AIRWAYS,KENYAAIRWAY,706
KS,KS,PEN,PENAIR,PEN AIR,339
LDA,NG,LDA,LAUDA AIR,LAUDA AIR,231
KU,KU,KAC,KUWAIT AIRWAYS,KUWAIT AIR,229
KV,KV,MVD,KAVMINVODYAVIA AIR,KAVMINVODYAV,348
KW,KW,KSD,KELOWNA FLIGHTCRAF,,0
KX,KX,CAY,CAYMAN AIRWAYS,CAYMAN AIR,378
KY,KY,EQL,LINHAS AEREAS DE S,,980
LDE,5U,LDE,LINEAS AEREAS DEL,L A D E,22
LDI,L4,LDI,LIVINGSTON S.P.A.,**,372
L3,L3,,LTU BILLA LUFTTRAN,LTU BILLA LUF,0
L4,L4,LDI,LIVINGSTON S.P.A.,**,372
L5,L5,,LUFTTRANSPORT AS,CHC HELIKOPTE,0
L6,L6,VNZ,TBILAVIAMSHENI,TBILAVIAMSHE,434
L8,L8,,AIR LUXOR GB,AIR LUXOR GB,486
L9,L9,AYS,AWSAJ AVIATION SER,AIR MALI,0
LA,LA,LAN,LAN AIRLINES,LAN-CHILE,45
LB,LB,LLB,LLOYD AEREO BOLIVI,L A B,51
LCO,UC,LCO,LAN CHILE CARGO,LADECO,0
LE,LE,LHS,LUGANSK AIRLINES,,0
LF,LF,NDC,FLYNORDIC,NORDIC AIR,913
LG,LG,LGL,LUXAIR,LUXAIR,149
LH,LH,DLH,LUFTHANSA,LUFTHANSA,220
LI,LI,LIA,LIAT,LIAT,140
LJ,LJ,SLA,SIERRA NATIONAL AI,SIERRA NTL,690
LK,LK,LXR,AIR LUXOR,AIR LUXOR,40
LLB,LB,LLB,LLOYD AEREO BOLIVI,L A B,51
LLR,CD,LLR,ALLIANCE AIR,SEAVIEW AIR,296
LN,LN,LAA,LIBYAN AIRLINES,LIBYAN AIR,148
LO,LO,LOT,LOT POLISH AIRLINE,LOT,80
LP,LP,LPE,LANPERU,LAN PERU,544
LQ,LQ,GNC,AIR GUINEA,AIR GUINEA,228
LR,LR,LRC,LACSA,L A C S A,133
LS,LS,EXS,JET2.COM,,949
LT,LT,LTU,LTU INTL AIRWAYS,LTU,266
LU,LU,,LAN EXPRESS,THERON AIR,972
LV,LV,LBC,ALBANIAN AIRLINES,ALBANIAN AIR,639
LW,LW,ANV,PACIFIC WINGS,AIR NEVADA,568
LX,LX,SWR,SWISS,SWISS,724
LY,LY,ELY,EL AL ISRAEL AIRLI,EL AL,114
M2,M2,,MAHFOOZ AVIATION,,0
M3,M3,,NORTH FLYING AS,NORTH FLYING,0
M4,M4,AXX,NAYZAK AIR TRANSPO,AVIOIMPEX,728
M5,M5,,KENMORE AIR,KENMORE AIR,763
M7,M7,MSL,MARSLAND AVIATION,,0
M9,M9,,MOTOR-SICH JSC,MOTOR SICH,11
MA,MA,MAH,MALEV HUNGARIAN AI,MALEV,182
MB,MB,MNB,MNG AIRLINES CARGO,MNG AIR CARGO,716
MC,MC,,AIR MOBILITY COMMA,,0
MD,MD,MDG,AIR MADAGASCAR,MADAGASCAR,258
ME,ME,MEA,MIDDLE EAST AIRLIN,MIDDLE EAST,76
MF,MF,CXA,XIAMEN AIRLINES,XIAMEN AIR,731
MG,MG,CCP,CHAMPION AIR,MGM GRAND,0
MH,MH,MAS,MALAYSIA AIRLINES,MALAYSIA,232
MI,MI,SLK,SILKAIR,SILKAIR,629
MJ,MJ,MLR,MIHIN LANKA LTD,L A P A,817
MK,MK,MAU,AIR MAURITIUS,AIR MAURITI,239
ML,ML,,ATTICO,AERO COSTA RI,827
MM,MM,SAM,SOC AERO DE MEDELL,MEDELLIN,334
MN,MN,CAW,COMAIR,COMAIR,161
MO,MO,CAV,CALM AIR INTERNATI,CALM AIR INTL,622
*A,*A,,STAR ALLIANCE,,0
*Q,*Q,,THE QUALIFLYER GRO,,0
*S,*S,,SKYTEAM,,0
0A,0A,,AMBER AIR,AMBER AIR,982
0B,0B,,BLUE AIR,BLUE AIR,0
0C,0C,,CATOVAIR,CATOVAIR,495
0D,0D,DWT,DARWIN AIRLINE,DARWIN,779
0G,0G,,GHADAMES AIR TRANS,,0
0K,0K,KRT,AIRCOMPANY KOKSHET,,0
0P,0P,,PALAU ASIA PACIFIC,,840
0V,0V,,VIETNAM AIR SERVIC,,368
0W,0W,,W CARIBBEAN COSTA,,0
0Y,0Y,,YETI AIRLINES,,0
1A,1A,AGT,AMADEUS,AMADEUS,790
1B,1B,,ABACUS,ABACUS,0
1C,1C,,EDS INFORMATION BU,GEMINI,0
1D,1D,,RADDIX SOLUTIONS I,,0
1E,1E,,TRAVELSKY TECHNOLO,CIVIL CHINA,0
1F,1F,TTF,INFINI TRAVEL INFO,INFINI TRAVEL,788
1G,1G,,GALILEO INTERNATIO,GALILEO,0
1H,1H,,SIRENA-TRAVEL,,446
1I,1I,,NETJETS AVIATION,,0
1J,1J,,AXESS INTERNATIONA,AXESS INTL,0
1K,1K,,SUTRA INC.,SOUTHERN,0
1L,1L,,OPEN SKIES INC,,0
1M,1M,,SIRENA JSC,SERTEL,0
1N,1N,,NAVITAIRE,,892
1O,1O,,PHOENIX SYSTEMS DE,,0
1P,1P,WSP,WORLDSPAN,WORLDSPAN,523
1Q,1Q,,JOINT-STOCK COMPAN,,0
1R,1R,,HAINAN PHOENIX INF,,0
1S,1S,,SABRE,SABRE,0
1T,1T,,START,,0
1U,1U,,ITA SOFTWARE,,0
1V,1V,,GALILEO INTERNATIO,COVIA,588
1W,1W,,SABRE,SABRE,0
1X,1X,,GABRIEL,GABRIEL,0
1Y,1Y,,ELECTRONIC DATA SY,,0
1Z,1Z,APD,FANTASIA INFO NETW,ASIA PACIFIC,0
7W,7W,,WAYRA PERU,,920
A0,A0,AVI,L'AVION,ELYSAIR,15
AGT,1A,AGT,AMADEUS,AMADEUS,790
APD,1Z,APD,FANTASIA INFO NETW,ASIA PACIFIC,0
C0,C0,CLW,CENTRALWINGS,,0
C1,C1,,TECTIMES SUDAMERIC,,0
CLW,C0,CLW,CENTRALWINGS,,0
DNU,R6,DNU,DANU ORO TRANSPORT,DANU ORO,0
DWT,0D,DWT,DARWIN AIRLINE,DARWIN,779
E0,E0,,EOS AIRLINES,EOS AIRLINES,646
F1,F1,,FARELOGIX,,941
FCL,PA,FCL,FLORIDA COASTAL AI,FLORIDA COAST,0
G0,G0,GHB,GHANA INTL AIRLINE,GHANA INTL,678
G7,G7,,GOJET AIRLINES,,573
GHB,G0,GHB,GHANA INTL AIRLINE,GHANA INTL,678
HHI,4R,HHI,HAMBURG INTERNATIO,HAMBURG INTER,0
I7,I7,,PARAMOUNT AIRWAYS,PARAMOUNT AIR,456
J0,J0,,JETLINK EXPRESS,JETLINK EXPRS,402
JBR,3B,JBR,JOB AIR,JOB AIR,0
KRT,0K,KRT,AIRCOMPANY KOKSHET,,0
L1,L1,,LUFTHANSA SYSTEMS,,0
NPL,XN,NPL,AIR NEPAL INTERNAT,,743
OKS,S0,OKS,SLOK AIR INTERNATI,SLOK AIR,503
P0,P0,PFZ,PROFLIGHT COMMUTER,PROFLIGHT,443
P1,P1,,PUBLICCHARTERS.COM,,0
PFZ,P0,PFZ,PROFLIGHT COMMUTER,PROFLIGHT,443
Q0,Q0,,QUEBECAIR EXPRESS,,0
R0,R0,,M/S ROYAL AIRLINES,,333
S0,S0,OKS,SLOK AIR INTERNATI,SLOK AIR,503
T0,T0,,TRANS AMERICAN AIR,,530
TKY,9I,TKY,THAI SKY AIRLINES,,852
TTF,1F,TTF,INFINI TRAVEL INFO,INFINI TRAVEL,788
V0,V0,,CONVIASA,CONVIASA,308
WSP,1P,WSP,WORLDSPAN,WORLDSPAN,523
Y0,Y0,,YELLOW AIRTAXI,YELLOW AIR,0
O7,O7,,OZJET,OZJET,441
3P,3P,,TIARA AIR,,0
4P,4P,,VIKING AIRLINES,,0
8L,8L,,LUCKY AIR,,859
9Y,9Y,,AXIS INTERNATIONAL,AXIS,641
ACY,EV,ACY,ATLANTIC SOUTHEAST,,862
AVX,G2,AVX,AVIREX GABON,AVIREX GABON,619
AYS,L9,AYS,AWSAJ AVIATION SER,AIR MALI,0
B1,B1,,CIONS SOFTWARE,,248
BQ,BQ,,BRAVO AIRLINES,,586
DXH,8C,DXH,EAST STAR AIRLINES,,883
ETD,EY,ETD,ETIHAD AIRWAYS,ETIHAD AIR,607
FWA,I4,FWA,INTERSTATE AIRLINE,,0
I4,I4,FWA,INTERSTATE AIRLINE,,0
K6,K6,,BRAVO AIR CONGO,BRAVOAIRCONGO,283
KAE,3Y,KAE,KARTIKA AIRLINES,KARTIKA AIR,0
KT,KT,,KATMAI AIR LLC,,0
MOD,SG,MOD,SPICEJET,SEMPATI AIR,0
NTJ,2N,NTJ,NEXTJET,NEXTJET,0
O5,O5,ORJ,ORANGE AIR SIERRA,,0
O6,O6,ONE,OCEANAIR LINHAS AE,,247
OAW,2L,OAW,HELVETIC AIRWAYS,HELVETIC AIR,0
ORJ,O5,ORJ,ORANGE AIR SIERRA,,0
PAG,4B,PAG,PERIMETER AVIATION,OLSON AIR,234
POT,YQ,POT,POLET AIRLINES,POLET AIRLINE,342
PWD,7Q,PWD,PAN AM WORLD AIRWA,,110
Q7,Q7,,QUEENSLAND REGIONA,,0
R3,R3,SVL,YAKUTIA AIR COMPAN,YAKUTIA AIR,849
SVL,R3,SVL,YAKUTIA AIR COMPAN,YAKUTIA AIR,849
TAN,B4,TAN,ZANAIR,ZANAIR,698
TSD,R9,TSD,TAF LINHAS AEREAS,AIR CHARTER,418
VOI,Y4,VOI,VOLARIS,EAGLE AVIATN,0
WVL,8Z,WVL,WIZZ AIR BULGARIA,ALASA ISLAND,0
7R,7R,BRB,BRA TRANSPORTES AE,,0
BRB,7R,BRB,BRA TRANSPORTES AE,,0
JJA,7C,JJA,JEJU AIR,COL.PACIFIC,0
4I,4I,IZM,IHY IZMIR HAVAYOLL,,0
6F,6F,,AFRIJET AIRLINES,,0
7O,7O,GAL,GALAXY AIR,,0
9J,9J,,EJET,,0
AIJ,4O,AIJ,ABC AEROLINEAS,,0
DRU,6R,DRU,MIRNY AIR,,0
GAL,7O,GAL,GALAXY AIR,,0
IZM,4I,IZM,IHY IZMIR HAVAYOLL,,0
KKK,KK,KKK,ATLASJET AIRLINES,ATLASJET,610
NAY,ZN,NAY,NAYSA,AIR BOURBON,595
O4,O4,,ANTRAK AIR,ANTRAK AIR,916
VB,VB,,AEROENLACES NACION,,0
VUE,V6,VUE,VUELOS INTERNOS PR,,522
W1,W1,,WORLD TICKET LTD,,0
W3,W3,,ARIK AIR INTERNATI,ARIK AIR INTL,0
BF,BF,,VINCENT AVIATION,,0
CSZ,ZH,CSZ,SHENZHEN AIRLINES,SHENZHEN AIRL,479
DKH,HO,DKH,JUNEYAO AIRLINES,,18
FCA,DP,FCA,FIRST CHOICE AIRWA,AIR 2000 LTD,91
FZ,FZ,,MASTER AIRWAYS,,0
GZP,4G,GZP,GAZPROMAVIA,,579
JAV,R5,JAV,JORDAN AVIATION,MALTA AIR,151
JD,JD,,DEER JET,,0
LER,QL,LER,LINEA AEREA DE SER,,0
ONE,O6,ONE,OCEANAIR LINHAS AE,,247
PTN,P8,PTN,PANTANAL LINHAS AE,PANTANAL LINH,0
RLE,C7,RLE,RLA RICO LINHAS AR,,0
VID,WR,VID,JSC AVIAPRAD,JSC AVIAPRAD,440
WR,WR,VID,JSC AVIAPRAD,JSC AVIAPRAD,440
2U,2U,ERO,SUN D'OR INTL AIRL,SUN D'OR INTL,383
7L,7L,,AEROCARIBBEAN,,164
CSH,FM,CSH,SHANGHAI AIRLINES,SHANGAI AIRLI,774
EDW,WK,EDW,EDELWEISS AIR,EDELWEISS AIR,0
ERO,2U,ERO,SUN D'OR INTL AIRL,SUN D'OR INTL,383
FFV,5H,FFV,FIVE FOURTY AVIATI,KATO AIR,540
H1,H1,,HAHN AIR SYSTEMS,,0
IRK,Y9,IRK,KISH AIRLINES,TRANS AIR,780
O9,O9,,INDUS AIRWAYS,,0
ROI,9V,ROI,AVIOR,,742
UTA,UT,UTA,UTAIR AVIATION JSC,UTAIR,298
0O,0O,,STA TRAVEL,STA TRAVEL,0
8G,8G,,GIRJET,GIRJET,0
A1,A1,,G2 SWITCH WORKS,,0
ANH,2T,ANH,ALAJNIHAH AIR TRAN,,311
BAQ,Z2,BAQ,BRAVO AIR CONGO BZ,STYRIANSPIRIT,0
BRQ,UZ,BRQ,BURAQ AIR,BURAQ AIR,928
BSA,YL,BSA,AIR BISSAU INTERNA,,722
CNO,BU,CNO,SAS NORWAY,SAS NORWAY,154
DCP,Z9,DCP,DELTA CONNECTION,AERO ZAMBIA,0
ESK,NE,ESK,SKYEUROPE AIRLINES,SKYEUROPE,0
GDR,GP,GDR,GADAIR EUROPEAN AI,,559
HKE,UO,HKE,HONG KONG EXPRESS,HK EXPRESS,128
ITK,ID,ITK,INTERLINK AIRLINES,INTERLINK,431
JE,JE,,TULCA,,0
KHH,ZR,KHH,ALEXANDRIA AIRLINE,,451
KNE,XY,KNE,AL-KHAYALA,AL-KHAYALA,593
KZR,KC,KZR,AIR ASTANA,AIR ASTANA,465
LHS,LE,LHS,LUGANSK AIRLINES,,0
LMZ,DZ,LMZ,JSC STARLINE,,0
M0,M0,,AERO MONGOLIA,,0
M8,M8,,TRANS MALDIVIAN AI,,0
MLR,MJ,MLR,MIHIN LANKA LTD,L A P A,817
MSL,M7,MSL,MARSLAND AVIATION,,0
MTW,YD,MTW,MAURITANIA AIRWAYS,MAURITANIA,425
P2,P2,XAK,AIRKENYA EXPRESS,,0
Q1,Q1,,SQIVA SISTEM,,0
SBU,PV,SBU,SAINT BARTH COMMUT,PAUKNAIR,0
SKT,XT,SKT,SKYSTAR AIRWAYS,AIR EXEL NL,893
STP,8F,STP,STP AIRWAYS,HANAIR,470
SX,SX,,SKYBUS AIRLINES,,0
TOM,BY,TOM,THOMSONFLY,BRITANNIA,754
UR,UR,,UTAIR EXPRESS,,0
UZ,UZ,BRQ,BURAQ AIR,BURAQ AIR,928
VUS,VX,VUS,VIRGIN AMERICA,VIRGIN USA,984
XAK,P2,XAK,AIRKENYA EXPRESS,,0
XN,XN,NPL,AIR NEPAL INTERNAT,,743
XV,XV,,MR LINES,,0
Y1,Y1,,TRAVEL TECHNOLOGY,,0
YL,YL,BSA,AIR BISSAU INTERNA,,722
ZR,ZR,KHH,ALEXANDRIA AIRLINE,,451
ZS,ZS,,SAMA AIRWAYS,,0
9S,9S,,AMADEUS PDF 9S,,0
FCR,7Y,FCR,FLYING CARPET,,0
SAL,OD,SAL,ASIA ALPHA AIRWAYS,,0
SEQ,I6,SEQ,SKYEYES AIRWAYS,,428
VLG,VY,VLG,VUELING AIRLINES,VUELING,0
EXS,LS,EXS,JET2.COM,,949
XS,XS,,SITA,,950
7Z,7Z,XYN,AMADEUS PDF 7Z,,0
C3,C3,,CONTACT AIR,,0
FDY,6G,FDY,GULFSTREAM AIR CHA,AIR WALES,0
JAF,TB,JAF,JETAIRFLY,TRUMP,0
LBY,LZ,LBY,BELLE AIR COMPANY,,379
LZ,LZ,LBY,BELLE AIR COMPANY,,379
O8,O8,,OASIS HONG KONG AI,,0
PVU,3O,PVU,PEAU VAVA'U,,0
UT,UT,UTA,UTAIR AVIATION JSC,UTAIR,298
XLF,SE,XLF,XL AIRWAYS FRANCE,STAR AIRLINES,473
XW,XW,,SKY EXPRESS,,0
XYN,7Z,XYN,AMADEUS PDF 7Z,,0
AVI,A0,AVI,L'AVION,ELYSAIR,15
CFE,CJ,CFE,BA CITYFLYER,CHINA NORTH,0
IBZ,6I,IBZ,INTL BUSINESS AIRL,,0
KMP,E2,KMP,KAMPUCHEA AIRLINES,RIO GRANDEAIR,837
MRW,6V,MRW,MARS RK,MARS RK,0
OTG,OG,OTG,ONE TWO GO AIRLINE,OCEAN AIRWAYS,908
T1,T1,,TIK SYSTEMS,,0
VLI,V5,VLI,AVOLAR AEROLINEAS,ROYAL ARUBAN,0
4L,4L,MJX,EUROLINE,,764
MJX,4L,MJX,EUROLINE,,764
QFZ,QE,QFZ,FARS QESHM AIRLINE,CROSSAIR EUR,0
